Position,Name + ID,Name,ID,Roster Position,Salary,Game Info,TeamAbbrev,AvgPointsPerGame
SP,Max Fried (42962147),Max Fried,42962147,P,10100,BAL@NYY 05/03/2026 01:35PM ET,NYY,21.5
SP,Paul Skenes (42962522),Paul Skenes,42962522,P,10000,CIN@PIT 05/03/2026 01:35PM ET,PIT,18.27
SP,Cam Schlittler (42962523),Cam Schlittler,42962523,P,9800,BAL@NYY 05/03/2026 01:35PM ET,NYY,25.02
SP,Cristopher Sanchez (42962524),Cristopher Sanchez,42962524,P,9700,PHI@MIA 05/03/2026 01:40PM ET,PHI,19.45
SP,Tyler Glasnow (42962525),Tyler Glasnow,42962525,P,9700,LAD@STL 05/03/2026 02:15PM ET,LAD,25.3
SP,Jacob Misiorowski (42962526),Jacob Misiorowski,42962526,P,9600,MIL@WSH 05/03/2026 01:35PM ET,MIL,23.1
SP,Chase Burns (42962148),Chase Burns,42962148,P,9600,CIN@PIT 05/03/2026 01:35PM ET,CIN,20.62
SP,Garrett Crochet (42962527),Garrett Crochet,42962527,P,9500,HOU@BOS 05/03/2026 01:35PM ET,BOS,13.78
SP,Hunter Brown (42962529),Hunter Brown,42962529,P,9500,HOU@BOS 05/03/2026 01:35PM ET,HOU,26.7
RP,Landen Roupp (42962528),Landen Roupp,42962528,P,9500,SF@TB 05/03/2026 01:40PM ET,SF,20.12
SP,Zack Wheeler (42962530),Zack Wheeler,42962530,P,9400,PHI@MIA 05/03/2026 01:40PM ET,PHI,22.08
SP,Will Warren (42962531),Will Warren,42962531,P,9400,BAL@NYY 05/03/2026 01:35PM ET,NYY,21.16
SP,Robbie Ray (42962533),Robbie Ray,42962533,P,9300,SF@TB 05/03/2026 01:40PM ET,SF,18.01
SP,Gerrit Cole (42962532),Gerrit Cole,42962532,P,9300,BAL@NYY 05/03/2026 01:35PM ET,NYY,0
SP,Jesus Luzardo (42962149),Jesus Luzardo,42962149,P,9200,PHI@MIA 05/03/2026 01:40PM ET,PHI,16.38
SP,Carlos Rodon (42962534),Carlos Rodon,42962534,P,9100,BAL@NYY 05/03/2026 01:35PM ET,NYY,0
SP,Corbin Burnes (42962535),Corbin Burnes,42962535,P,8800,ARI@CHC 05/03/2026 02:20PM ET,ARI,0
SP,Shota Imanaga (42962536),Shota Imanaga,42962536,P,8800,ARI@CHC 05/03/2026 02:20PM ET,CHC,20.86
SP,Yoshinobu Yamamoto (42962537),Yoshinobu Yamamoto,42962537,P,8700,LAD@STL 05/03/2026 02:15PM ET,LAD,18.22
SP,Blake Snell (42962538),Blake Snell,42962538,P,8700,LAD@STL 05/03/2026 02:15PM ET,LAD,0
RP,Ranger Suarez (42962150),Ranger Suarez,42962150,P,8600,HOU@BOS 05/03/2026 01:35PM ET,BOS,16.82
SP,Shane McClanahan (42962539),Shane McClanahan,42962539,P,8600,SF@TB 05/03/2026 01:40PM ET,TB,16.14
SP,Logan Henderson (42962541),Logan Henderson,42962541,P,8500,MIL@WSH 05/03/2026 01:35PM ET,MIL,4.1
RP,Joe Boyle (42962540),Joe Boyle,42962540,P,8500,SF@TB 05/03/2026 01:40PM ET,TB,13.02
SP,Drew Rasmussen (42962542),Drew Rasmussen,42962542,P,8500,SF@TB 05/03/2026 01:40PM ET,TB,18
RP,Nick Martinez (42962543),Nick Martinez,42962543,P,8500,SF@TB 05/03/2026 01:40PM ET,TB,17.18
RP,Kyle Harrison (42962545),Kyle Harrison,42962545,P,8400,MIL@WSH 05/03/2026 01:35PM ET,MIL,18.96
SP,Logan Webb (42962547),Logan Webb,42962547,P,8400,SF@TB 05/03/2026 01:40PM ET,SF,14.54
SP,Justin Wrobleski (42962151),Justin Wrobleski,42962151,P,8400,LAD@STL 05/03/2026 02:15PM ET,LAD,17.1
SP,Emmet Sheehan (42962546),Emmet Sheehan,42962546,P,8400,LAD@STL 05/03/2026 02:15PM ET,LAD,14.76
SP,Clarke Schmidt (42962544),Clarke Schmidt,42962544,P,8400,BAL@NYY 05/03/2026 01:35PM ET,NYY,0
SP,Brandon Woodruff (42962548),Brandon Woodruff,42962548,P,8300,MIL@WSH 05/03/2026 01:35PM ET,MIL,13.72
SP,Payton Tolle (42962549),Payton Tolle,42962549,P,8300,HOU@BOS 05/03/2026 01:35PM ET,BOS,19.7
SP,Elmer Rodriguez (42962550),Elmer Rodriguez,42962550,P,8300,BAL@NYY 05/03/2026 01:35PM ET,NYY,5.6
SP,Trevor Rogers (42962551),Trevor Rogers,42962551,P,8300,BAL@NYY 05/03/2026 01:35PM ET,BAL,11.88
SP,Connelly Early (42962552),Connelly Early,42962552,P,8200,HOU@BOS 05/03/2026 01:35PM ET,BOS,12.89
SP,Steven Matz (42962152),Steven Matz,42962152,P,8200,SF@TB 05/03/2026 01:40PM ET,TB,14.82
SP,Michael Soroka (42962553),Michael Soroka,42962553,P,8200,ARI@CHC 05/03/2026 02:20PM ET,ARI,16.13
SP,Eury Perez (42962554),Eury Perez,42962554,P,8100,PHI@MIA 05/03/2026 01:40PM ET,MIA,14.36
SP,Ryan Pepiot (42962556),Ryan Pepiot,42962556,P,8000,SF@TB 05/03/2026 01:40PM ET,TB,0
SP,Hunter Greene (42962557),Hunter Greene,42962557,P,8000,CIN@PIT 05/03/2026 01:35PM ET,CIN,0
SP,Kyle Bradish (42962555),Kyle Bradish,42962555,P,8000,BAL@NYY 05/03/2026 01:35PM ET,BAL,10.1
SP,Max Meyer (42962558),Max Meyer,42962558,P,7900,PHI@MIA 05/03/2026 01:40PM ET,MIA,17.81
SP,Sandy Alcantara (42962560),Sandy Alcantara,42962560,P,7900,PHI@MIA 05/03/2026 01:40PM ET,MIA,16.76
SP,Justin Steele (42962559),Justin Steele,42962559,P,7900,ARI@CHC 05/03/2026 02:20PM ET,CHC,0
SP,Zach Eflin (42962561),Zach Eflin,42962561,P,7900,BAL@NYY 05/03/2026 01:35PM ET,BAL,16.65
RP,Eduardo Rodriguez (42962562),Eduardo Rodriguez,42962562,P,7800,ARI@CHC 05/03/2026 02:20PM ET,ARI,12.65
RP,Ryan Weathers (42962563),Ryan Weathers,42962563,P,7800,BAL@NYY 05/03/2026 01:35PM ET,NYY,18.77
SP,Aaron Nola (42962570),Aaron Nola,42962570,P,7700,PHI@MIA 05/03/2026 01:40PM ET,PHI,12.18
SP,Andrew Painter (42962572),Andrew Painter,42962572,P,7700,PHI@MIA 05/03/2026 01:40PM ET,PHI,10.51
RP,Bubba Chandler (42962566),Bubba Chandler,42962566,P,7700,CIN@PIT 05/03/2026 01:35PM ET,PIT,10.81
SP,Matthew Boyd (42962153),Matthew Boyd,42962153,P,7700,ARI@CHC 05/03/2026 02:20PM ET,CHC,13.22
SP,Javier Assad (42962564),Javier Assad,42962564,P,7700,ARI@CHC 05/03/2026 02:20PM ET,CHC,4.79
SP,Jordan Wicks (42962565),Jordan Wicks,42962565,P,7700,ARI@CHC 05/03/2026 02:20PM ET,CHC,0
SP,Edward Cabrera (42962567),Edward Cabrera,42962567,P,7700,ARI@CHC 05/03/2026 02:20PM ET,CHC,16.62
SP,Cade Horton (42962568),Cade Horton,42962568,P,7700,ARI@CHC 05/03/2026 02:20PM ET,CHC,10.45
SP,Jameson Taillon (42962569),Jameson Taillon,42962569,P,7700,ARI@CHC 05/03/2026 02:20PM ET,CHC,14.9
SP,Zac Gallen (42962573),Zac Gallen,42962573,P,7700,ARI@CHC 05/03/2026 02:20PM ET,ARI,7.91
RP,Ryan Yarbrough (42962571),Ryan Yarbrough,42962571,P,7700,BAL@NYY 05/03/2026 01:35PM ET,NYY,3.19
SP,Sonny Gray (42962574),Sonny Gray,42962574,P,7600,HOU@BOS 05/03/2026 01:35PM ET,BOS,9.03
SP,Peter Lambert (42962576),Peter Lambert,42962576,P,7600,HOU@BOS 05/03/2026 01:35PM ET,HOU,17.3
SP,Mitch Keller (42962577),Mitch Keller,42962577,P,7600,CIN@PIT 05/03/2026 01:35PM ET,PIT,16.26
SP,Luis Gil (42962575),Luis Gil,42962575,P,7600,BAL@NYY 05/03/2026 01:35PM ET,NYY,5.52
SP,Spencer Arrighetti (42962579),Spencer Arrighetti,42962579,P,7500,HOU@BOS 05/03/2026 01:35PM ET,HOU,21.84
SP,Jake Bennett (42962580),Jake Bennett,42962580,P,7500,HOU@BOS 05/03/2026 01:35PM ET,BOS,15.05
RP,Braxton Ashcraft (42962154),Braxton Ashcraft,42962154,P,7500,CIN@PIT 05/03/2026 01:35PM ET,PIT,17.75
RP,Ben Brown (42962578),Ben Brown,42962578,P,7500,ARI@CHC 05/03/2026 02:20PM ET,CHC,7.37
SP,Chad Patrick (42962155),Chad Patrick,42962155,P,7400,MIL@WSH 05/03/2026 01:35PM ET,MIL,11
SP,Foster Griffin (42962581),Foster Griffin,42962581,P,7400,MIL@WSH 05/03/2026 01:35PM ET,WSH,17.18
SP,Cade Cavalli (42962582),Cade Cavalli,42962582,P,7300,MIL@WSH 05/03/2026 01:35PM ET,WSH,12.86
SP,Rhett Lowder (42962584),Rhett Lowder,42962584,P,7300,CIN@PIT 05/03/2026 01:35PM ET,CIN,10.59
SP,Brandon Young (42962583),Brandon Young,42962583,P,7300,BAL@NYY 05/03/2026 01:35PM ET,BAL,8.2
SP,Dax Fulton (42962585),Dax Fulton,42962585,P,7200,PHI@MIA 05/03/2026 01:40PM ET,MIA,0
SP,Braxton Garrett (42962586),Braxton Garrett,42962586,P,7200,PHI@MIA 05/03/2026 01:40PM ET,MIA,0
RP,Ryan Gusto (42962587),Ryan Gusto,42962587,P,7200,PHI@MIA 05/03/2026 01:40PM ET,MIA,4.25
SP,Adam Mazur (42962588),Adam Mazur,42962588,P,7200,PHI@MIA 05/03/2026 01:40PM ET,MIA,0
RP,Janson Junk (42962589),Janson Junk,42962589,P,7200,PHI@MIA 05/03/2026 01:40PM ET,MIA,13.44
RP,Trevor Richards (42962590),Trevor Richards,42962590,P,7100,PHI@MIA 05/03/2026 01:40PM ET,PHI,6.78
SP,Shane Baz (42962156),Shane Baz,42962156,P,7100,BAL@NYY 05/03/2026 01:35PM ET,BAL,12.55
SP,Ronel Blanco (42962592),Ronel Blanco,42962592,P,7000,HOU@BOS 05/03/2026 01:35PM ET,HOU,0
SP,Roki Sasaki (42962593),Roki Sasaki,42962593,P,7000,LAD@STL 05/03/2026 02:15PM ET,LAD,8.65
SP,Brandon Pfaadt (42962594),Brandon Pfaadt,42962594,P,7000,ARI@CHC 05/03/2026 02:20PM ET,ARI,7.86
SP,Cade Povich (42962591),Cade Povich,42962591,P,7000,BAL@NYY 05/03/2026 01:35PM ET,BAL,11.38
RP,Shane Drohan (42962596),Shane Drohan,42962596,P,6900,MIL@WSH 05/03/2026 01:35PM ET,MIL,7.01
RP,Jake Woodford (42962597),Jake Woodford,42962597,P,6900,MIL@WSH 05/03/2026 01:35PM ET,MIL,3.6
SP,Tyler Mahle (42962157),Tyler Mahle,42962157,P,6900,SF@TB 05/03/2026 01:40PM ET,SF,10.17
RP,Carmen Mlodzinski (42962595),Carmen Mlodzinski,42962595,P,6900,CIN@PIT 05/03/2026 01:35PM ET,PIT,13.81
SP,Jared Jones (42962599),Jared Jones,42962599,P,6900,CIN@PIT 05/03/2026 01:35PM ET,PIT,0
SP,Antwone Kelly (42962600),Antwone Kelly,42962600,P,6900,CIN@PIT 05/03/2026 01:35PM ET,PIT,0
SP,Hunter Barco (42962601),Hunter Barco,42962601,P,6900,CIN@PIT 05/03/2026 01:35PM ET,PIT,1.45
SP,Jose Urquidy (42962602),Jose Urquidy,42962602,P,6900,CIN@PIT 05/03/2026 01:35PM ET,PIT,0.81
SP,Thomas Harrington (42962603),Thomas Harrington,42962603,P,6900,CIN@PIT 05/03/2026 01:35PM ET,PIT,0
RP,Colin Rea (42962598),Colin Rea,42962598,P,6900,ARI@CHC 05/03/2026 02:20PM ET,CHC,13.01
SP,Tanner Houck (42962605),Tanner Houck,42962605,P,6800,HOU@BOS 05/03/2026 01:35PM ET,BOS,0
RP,Hayden Wesneski (42962606),Hayden Wesneski,42962606,P,6800,HOU@BOS 05/03/2026 01:35PM ET,HOU,0
SP,Mike Burrows (42962607),Mike Burrows,42962607,P,6800,HOU@BOS 05/03/2026 01:35PM ET,HOU,10.34
SP,Lance McCullers Jr. (42962608),Lance McCullers Jr.,42962608,P,6800,HOU@BOS 05/03/2026 01:35PM ET,HOU,12.25
SP,Cristian Javier (42962609),Cristian Javier,42962609,P,6800,HOU@BOS 05/03/2026 01:35PM ET,HOU,-3.8
SP,Merrill Kelly (42962158),Merrill Kelly,42962158,P,6800,ARI@CHC 05/03/2026 02:20PM ET,ARI,1.73
SP,Dean Kremer (42962604),Dean Kremer,42962604,P,6800,BAL@NYY 05/03/2026 01:35PM ET,BAL,20.38
SP,Brandon Sproat (42962613),Brandon Sproat,42962613,P,6700,MIL@WSH 05/03/2026 01:35PM ET,MIL,7.37
SP,Coleman Crow (42962620),Coleman Crow,42962620,P,6700,MIL@WSH 05/03/2026 01:35PM ET,MIL,13
SP,Patrick Sandoval (42962611),Patrick Sandoval,42962611,P,6700,HOU@BOS 05/03/2026 01:35PM ET,BOS,0
SP,Kutter Crawford (42962612),Kutter Crawford,42962612,P,6700,HOU@BOS 05/03/2026 01:35PM ET,BOS,0
SP,Johan Oviedo (42962624),Johan Oviedo,42962624,P,6700,HOU@BOS 05/03/2026 01:35PM ET,BOS,1.45
SP,Brayan Bello (42962625),Brayan Bello,42962625,P,6700,HOU@BOS 05/03/2026 01:35PM ET,BOS,1.49
RP,Ian Seymour (42962614),Ian Seymour,42962614,P,6700,SF@TB 05/03/2026 01:40PM ET,TB,2.54
RP,Jesse Scholtens (42962623),Jesse Scholtens,42962623,P,6700,SF@TB 05/03/2026 01:40PM ET,TB,12.96
RP,Wilber Dotel (42962622),Wilber Dotel,42962622,P,6700,CIN@PIT 05/03/2026 01:35PM ET,PIT,6
RP,Andre Pallante (42962610),Andre Pallante,42962610,P,6700,LAD@STL 05/03/2026 02:15PM ET,STL,13.35
SP,River Ryan (42962615),River Ryan,42962615,P,6700,LAD@STL 05/03/2026 02:15PM ET,LAD,0
SP,Gavin Stone (42962616),Gavin Stone,42962616,P,6700,LAD@STL 05/03/2026 02:15PM ET,LAD,0
SP,Bobby Miller (42962617),Bobby Miller,42962617,P,6700,LAD@STL 05/03/2026 02:15PM ET,LAD,0
SP,Landon Knack (42962618),Landon Knack,42962618,P,6700,LAD@STL 05/03/2026 02:15PM ET,LAD,0
SP,Chayce McDermott (42962619),Chayce McDermott,42962619,P,6700,LAD@STL 05/03/2026 02:15PM ET,LAD,0
RP,Kyle Leahy (42962621),Kyle Leahy,42962621,P,6700,LAD@STL 05/03/2026 02:15PM ET,STL,9.23
SP,Blade Tidwell (42962627),Blade Tidwell,42962627,P,6600,SF@TB 05/03/2026 01:40PM ET,SF,3.82
RP,Carson Seymour (42962628),Carson Seymour,42962628,P,6600,SF@TB 05/03/2026 01:40PM ET,SF,0
RP,JT Brubaker (42962629),JT Brubaker,42962629,P,6600,SF@TB 05/03/2026 01:40PM ET,SF,3.47
RP,Jose Butto (42962630),Jose Butto,42962630,P,6600,SF@TB 05/03/2026 01:40PM ET,SF,-0.5
SP,Dylan Smith (42962631),Dylan Smith,42962631,P,6600,SF@TB 05/03/2026 01:40PM ET,SF,0
RP,Tristan Beck (42962632),Tristan Beck,42962632,P,6600,SF@TB 05/03/2026 01:40PM ET,SF,0
RP,Spencer Bivens (42962633),Spencer Bivens,42962633,P,6600,SF@TB 05/03/2026 01:40PM ET,SF,0
SP,Adrian Houser (42962634),Adrian Houser,42962634,P,6600,SF@TB 05/03/2026 01:40PM ET,SF,3.41
SP,Carson Whisenhunt (42962635),Carson Whisenhunt,42962635,P,6600,SF@TB 05/03/2026 01:40PM ET,SF,0
RP,Hayden Birdsong (42962636),Hayden Birdsong,42962636,P,6600,SF@TB 05/03/2026 01:40PM ET,SF,0
OF,Aaron Judge (42962163),Aaron Judge,42962163,OF,6600,BAL@NYY 05/03/2026 01:35PM ET,NYY,10.94
SP,Chris Bassitt (42962626),Chris Bassitt,42962626,P,6600,BAL@NYY 05/03/2026 01:35PM ET,BAL,6.33
SP,Josiah Gray (42962640),Josiah Gray,42962640,P,6500,MIL@WSH 05/03/2026 01:35PM ET,WSH,0
SP,DJ Herz (42962641),DJ Herz,42962641,P,6500,MIL@WSH 05/03/2026 01:35PM ET,WSH,0
SP,Jackson Rutledge (42962642),Jackson Rutledge,42962642,P,6500,MIL@WSH 05/03/2026 01:35PM ET,WSH,-11.8
SP,Andrew Alvarez (42962643),Andrew Alvarez,42962643,P,6500,MIL@WSH 05/03/2026 01:35PM ET,WSH,21.95
RP,Brad Lord (42962644),Brad Lord,42962644,P,6500,MIL@WSH 05/03/2026 01:35PM ET,WSH,4.60
SP,Trevor Williams (42962646),Trevor Williams,42962646,P,6500,MIL@WSH 05/03/2026 01:35PM ET,WSH,0
SP,Jake Irvin (42962647),Jake Irvin,42962647,P,6500,MIL@WSH 05/03/2026 01:35PM ET,WSH,13.23
SP,Andrew Abbott (42962638),Andrew Abbott,42962638,P,6500,CIN@PIT 05/03/2026 01:35PM ET,CIN,7.03
SP,Brandon Williamson (42962639),Brandon Williamson,42962639,P,6500,CIN@PIT 05/03/2026 01:35PM ET,CIN,6.93
RP,Jared Shuster (42962645),Jared Shuster,42962645,P,6500,LAD@STL 05/03/2026 02:15PM ET,STL,1.92
RP,Dietrich Enns (42962637),Dietrich Enns,42962637,P,6500,BAL@NYY 05/03/2026 01:35PM ET,BAL,4.95
SP,Quinn Priester (42962653),Quinn Priester,42962653,P,6400,MIL@WSH 05/03/2026 01:35PM ET,MIL,0
SP,Miles Mikolas (42962654),Miles Mikolas,42962654,P,6400,MIL@WSH 05/03/2026 01:35PM ET,WSH,3.04
SP,Mitchell Parker (42962656),Mitchell Parker,42962656,P,6400,MIL@WSH 05/03/2026 01:35PM ET,WSH,6.38
OF,Yordan Alvarez (42962164),Yordan Alvarez,42962164,OF,6400,HOU@BOS 05/03/2026 01:35PM ET,HOU,11.38
SP,Keaton Winn (42962655),Keaton Winn,42962655,P,6400,SF@TB 05/03/2026 01:40PM ET,SF,3.07
SP,Alex McFarlane (42962651),Alex McFarlane,42962651,P,6400,PHI@MIA 05/03/2026 01:40PM ET,PHI,0
RP,Seth Johnson (42962652),Seth Johnson,42962652,P,6400,PHI@MIA 05/03/2026 01:40PM ET,PHI,1.62
SP,Chase Petty (42962649),Chase Petty,42962649,P,6400,CIN@PIT 05/03/2026 01:35PM ET,CIN,0
SP,Brady Singer (42962650),Brady Singer,42962650,P,6400,CIN@PIT 05/03/2026 01:35PM ET,CIN,6.56
SP,Dustin May (42962159),Dustin May,42962159,P,6400,LAD@STL 05/03/2026 02:15PM ET,STL,9.93
SP,Tyler Wells (42962648),Tyler Wells,42962648,P,6400,BAL@NYY 05/03/2026 01:35PM ET,BAL,3.53
SP,Robert Gasser (42962658),Robert Gasser,42962658,P,6300,MIL@WSH 05/03/2026 01:35PM ET,MIL,0
1B/OF,Shohei Ohtani (42962165),Shohei Ohtani,42962165,1B/OF,6300,LAD@STL 05/03/2026 02:15PM ET,LAD,8.61
SP,Michael McGreevy (42962659),Michael McGreevy,42962659,P,6300,LAD@STL 05/03/2026 02:15PM ET,STL,14.41
SP,Ryne Nelson (42962660),Ryne Nelson,42962660,P,6300,ARI@CHC 05/03/2026 02:20PM ET,ARI,8.21
RP,Albert Suarez (42962657),Albert Suarez,42962657,P,6300,BAL@NYY 05/03/2026 01:35PM ET,BAL,5.54
SP,Brandon Walter (42962665),Brandon Walter,42962665,P,6200,HOU@BOS 05/03/2026 01:35PM ET,HOU,0
RP,Jonathan Bowlan (42962663),Jonathan Bowlan,42962663,P,6200,PHI@MIA 05/03/2026 01:40PM ET,PHI,1.9
OF,Oneil Cruz (42962167),Oneil Cruz,42962167,OF,6200,CIN@PIT 05/03/2026 01:35PM ET,PIT,11.19
SP,Nick Lodolo (42962662),Nick Lodolo,42962662,P,6200,CIN@PIT 05/03/2026 01:35PM ET,CIN,0
SP,Yilber Diaz (42962664),Yilber Diaz,42962664,P,6200,ARI@CHC 05/03/2026 02:20PM ET,ARI,0
RP,Keegan Akin (42962661),Keegan Akin,42962661,P,6200,BAL@NYY 05/03/2026 01:35PM ET,BAL,-2.22
SP,Tatsuya Imai (42962666),Tatsuya Imai,42962666,P,6100,HOU@BOS 05/03/2026 01:35PM ET,HOU,8.03
SS,Elly De La Cruz (42962168),Elly De La Cruz,42962168,SS,6100,CIN@PIT 05/03/2026 01:35PM ET,CIN,11.03
SP,Tekoah Roby (42962667),Tekoah Roby,42962667,P,6100,LAD@STL 05/03/2026 02:15PM ET,STL,0
SP,Brycen Mautz (42962668),Brycen Mautz,42962668,P,6100,LAD@STL 05/03/2026 02:15PM ET,STL,0
RP,Gordon Graceffo (42962669),Gordon Graceffo,42962669,P,6100,LAD@STL 05/03/2026 02:15PM ET,STL,3.93
OF,James Wood (42962169),James Wood,42962169,OF,6000,MIL@WSH 05/03/2026 01:35PM ET,WSH,11.06
SP,Miguel Ullola (42962670),Miguel Ullola,42962670,P,6000,HOU@BOS 05/03/2026 01:35PM ET,HOU,0
RP,Nate Pearson (42962671),Nate Pearson,42962671,P,6000,HOU@BOS 05/03/2026 01:35PM ET,HOU,0
RP,Jason Alexander (42962672),Jason Alexander,42962672,P,6000,HOU@BOS 05/03/2026 01:35PM ET,HOU,-6.5
SP,AJ Blubaugh (42962673),AJ Blubaugh,42962673,P,6000,HOU@BOS 05/03/2026 01:35PM ET,HOU,3.00
SP,Colton Gordon (42962675),Colton Gordon,42962675,P,6000,HOU@BOS 05/03/2026 01:35PM ET,HOU,1
RP,Ryan Weiss (42962676),Ryan Weiss,42962676,P,6000,HOU@BOS 05/03/2026 01:35PM ET,HOU,5.12
RP,Cody Bolton (42962677),Cody Bolton,42962677,P,6000,HOU@BOS 05/03/2026 01:35PM ET,HOU,5.2
RP,Matthew Liberatore (42962674),Matthew Liberatore,42962674,P,6000,LAD@STL 05/03/2026 02:15PM ET,STL,8.94
SP,Hunter Dobbins (42962678),Hunter Dobbins,42962678,P,5900,LAD@STL 05/03/2026 02:15PM ET,STL,7.55
SP,Richard Fitts (42962679),Richard Fitts,42962679,P,5900,LAD@STL 05/03/2026 02:15PM ET,STL,0
OF,Corbin Carroll (42962170),Corbin Carroll,42962170,OF,5900,ARI@CHC 05/03/2026 02:20PM ET,ARI,9.4
SP,Chris Paddack (42962160),Chris Paddack,42962160,P,5800,PHI@MIA 05/03/2026 01:40PM ET,MIA,8.53
1B,Ben Rice (42962171),Ben Rice,42962171,1B,5800,BAL@NYY 05/03/2026 01:35PM ET,NYY,11.38
SS,CJ Abrams (42962172),CJ Abrams,42962172,SS,5700,MIL@WSH 05/03/2026 01:35PM ET,WSH,9.76
2B,Brice Turang (42962173),Brice Turang,42962173,2B,5600,MIL@WSH 05/03/2026 01:35PM ET,MIL,10.93
RP,Kai-Wei Teng (42962161),Kai-Wei Teng,42962161,P,5500,HOU@BOS 05/03/2026 01:35PM ET,HOU,5.13
SS,Gunnar Henderson (42962174),Gunnar Henderson,42962174,SS,5500,BAL@NYY 05/03/2026 01:35PM ET,BAL,9.15
OF,Kyle Schwarber (42962175),Kyle Schwarber,42962175,OF,5400,PHI@MIA 05/03/2026 01:40PM ET,PHI,9.30
1B,Sal Stewart (42962176),Sal Stewart,42962176,1B,5400,CIN@PIT 05/03/2026 01:35PM ET,CIN,10.24
RP,Zack Littell (42962162),Zack Littell,42962162,P,5300,MIL@WSH 05/03/2026 01:35PM ET,WSH,2.75
2B,Brandon Lowe (42962178),Brandon Lowe,42962178,2B,5300,CIN@PIT 05/03/2026 01:35PM ET,PIT,9.55
OF,Kyle Tucker (42962177),Kyle Tucker,42962177,OF,5300,LAD@STL 05/03/2026 02:15PM ET,LAD,7.66
2B,Ketel Marte (42962179),Ketel Marte,42962179,2B,5200,ARI@CHC 05/03/2026 02:20PM ET,ARI,6.39
OF,Jordan Walker (42962181),Jordan Walker,42962181,OF,5100,LAD@STL 05/03/2026 02:15PM ET,STL,11.28
2B,Nico Hoerner (42962180),Nico Hoerner,42962180,2B,5100,ARI@CHC 05/03/2026 02:20PM ET,CHC,9.84
OF,Jackson Chourio (42962400),Jackson Chourio,42962400,OF,5000,MIL@WSH 05/03/2026 01:35PM ET,MIL,0
OF,Ryan O'Hearn (42962183),Ryan O'Hearn,42962183,OF,5000,CIN@PIT 05/03/2026 01:35PM ET,PIT,8.91
1B,Freddie Freeman (42962182),Freddie Freeman,42962182,1B,5000,LAD@STL 05/03/2026 02:15PM ET,LAD,7
OF,Roman Anthony (42962184),Roman Anthony,42962184,OF,4900,HOU@BOS 05/03/2026 01:35PM ET,BOS,6.36
3B,Junior Caminero (42962185),Junior Caminero,42962185,3B,4900,SF@TB 05/03/2026 01:40PM ET,TB,8.22
2B,JJ Wetherholt (42962186),JJ Wetherholt,42962186,2B,4900,LAD@STL 05/03/2026 02:15PM ET,STL,9.18
2B,Jose Altuve (42962187),Jose Altuve,42962187,2B,4800,HOU@BOS 05/03/2026 01:35PM ET,HOU,7.23
OF,Pete Crow-Armstrong (42962188),Pete Crow-Armstrong,42962188,OF,4800,ARI@CHC 05/03/2026 02:20PM ET,CHC,7.24
1B,Jake Bauers (42962190),Jake Bauers,42962190,1B,4700,MIL@WSH 05/03/2026 01:35PM ET,MIL,8
OF,Cody Bellinger (42962189),Cody Bellinger,42962189,OF,4700,BAL@NYY 05/03/2026 01:35PM ET,NYY,9.06
3B,Eugenio Suarez (42962402),Eugenio Suarez,42962402,3B,4600,CIN@PIT 05/03/2026 01:35PM ET,CIN,6
OF,Andy Pages (42962191),Andy Pages,42962191,OF,4600,LAD@STL 05/03/2026 02:15PM ET,LAD,8.76
OF,Seiya Suzuki (42962192),Seiya Suzuki,42962192,OF,4600,ARI@CHC 05/03/2026 02:20PM ET,CHC,8.85
1B,Pete Alonso (42962193),Pete Alonso,42962193,1B,4600,BAL@NYY 05/03/2026 01:35PM ET,BAL,7.46
OF,Giancarlo Stanton (42962401),Giancarlo Stanton,42962401,OF,4600,BAL@NYY 05/03/2026 01:35PM ET,NYY,6.79
OF,Daylen Lile (42962197),Daylen Lile,42962197,OF,4500,MIL@WSH 05/03/2026 01:35PM ET,WSH,7.21
OF,Jarren Duran (42962195),Jarren Duran,42962195,OF,4500,HOU@BOS 05/03/2026 01:35PM ET,BOS,6.57
1B,Bryce Harper (42962194),Bryce Harper,42962194,1B,4500,PHI@MIA 05/03/2026 01:40PM ET,PHI,8.24
1B,Alec Burleson (42962196),Alec Burleson,42962196,1B,4500,LAD@STL 05/03/2026 02:15PM ET,STL,8.97
1B/3B,Yandy Diaz (42962198),Yandy Diaz,42962198,1B/3B,4400,SF@TB 05/03/2026 01:40PM ET,TB,9.16
SS,Trea Turner (42962200),Trea Turner,42962200,SS,4400,PHI@MIA 05/03/2026 01:40PM ET,PHI,7.34
OF,Bryan Reynolds (42962201),Bryan Reynolds,42962201,OF,4400,CIN@PIT 05/03/2026 01:35PM ET,PIT,8.88
C,William Contreras (42962204),William Contreras,42962204,C,4300,MIL@WSH 05/03/2026 01:35PM ET,MIL,8.73
1B,Christian Walker (42962202),Christian Walker,42962202,1B,4300,HOU@BOS 05/03/2026 01:35PM ET,HOU,9.24
OF,Wilyer Abreu (42962203),Wilyer Abreu,42962203,OF,4300,HOU@BOS 05/03/2026 01:35PM ET,BOS,7.72
SS,Jeremy Pena (42962403),Jeremy Pena,42962403,SS,4300,HOU@BOS 05/03/2026 01:35PM ET,HOU,6.2
C,Liam Hicks (42962206),Liam Hicks,42962206,C,4300,PHI@MIA 05/03/2026 01:40PM ET,MIA,8.58
OF,Taylor Ward (42962205),Taylor Ward,42962205,OF,4300,BAL@NYY 05/03/2026 01:35PM ET,BAL,8.06
SS,Carlos Correa (42962210),Carlos Correa,42962210,SS,4200,HOU@BOS 05/03/2026 01:35PM ET,HOU,8.4
3B,Max Muncy (42962207),Max Muncy,42962207,3B,4200,LAD@STL 05/03/2026 02:15PM ET,LAD,8.81
1B/2B,Ildemaro Vargas (42962208),Ildemaro Vargas,42962208,1B/2B,4200,ARI@CHC 05/03/2026 02:20PM ET,ARI,10.64
OF,Ian Happ (42962211),Ian Happ,42962211,OF,4200,ARI@CHC 05/03/2026 02:20PM ET,CHC,9.32
C,Adley Rutschman (42962212),Adley Rutschman,42962212,C,4200,BAL@NYY 05/03/2026 01:35PM ET,BAL,9.17
OF,Christian Yelich (42962404),Christian Yelich,42962404,OF,4100,MIL@WSH 05/03/2026 01:35PM ET,MIL,8.6
1B,Willson Contreras (42962215),Willson Contreras,42962215,1B,4100,HOU@BOS 05/03/2026 01:35PM ET,BOS,8.22
2B,Xavier Edwards (42962213),Xavier Edwards,42962213,2B,4100,PHI@MIA 05/03/2026 01:40PM ET,MIA,8.70
SS,Otto Lopez (42962216),Otto Lopez,42962216,SS,4100,PHI@MIA 05/03/2026 01:40PM ET,MIA,9.16
OF,Teoscar Hernandez (42962214),Teoscar Hernandez,42962214,OF,4100,LAD@STL 05/03/2026 02:15PM ET,LAD,7.28
C,Ivan Herrera (42962217),Ivan Herrera,42962217,C,4100,LAD@STL 05/03/2026 02:15PM ET,STL,8.24
3B,Alex Bregman (42962218),Alex Bregman,42962218,3B,4100,ARI@CHC 05/03/2026 02:20PM ET,CHC,6.67
SP,Luis Perales (42962683),Luis Perales,42962683,P,4000,MIL@WSH 05/03/2026 01:35PM ET,WSH,0
RP,Brian Fitzpatrick (42962703),Brian Fitzpatrick,42962703,P,4000,MIL@WSH 05/03/2026 01:35PM ET,MIL,3.42
RP,Craig Yoho (42962715),Craig Yoho,42962715,P,4000,MIL@WSH 05/03/2026 01:35PM ET,MIL,0
RP,Carlos Rodriguez (42962726),Carlos Rodriguez,42962726,P,4000,MIL@WSH 05/03/2026 01:35PM ET,MIL,7
RP,Paxton Schultz (42962740),Paxton Schultz,42962740,P,4000,MIL@WSH 05/03/2026 01:35PM ET,WSH,3.79
RP,Aaron Ashby (42962743),Aaron Ashby,42962743,P,4000,MIL@WSH 05/03/2026 01:35PM ET,MIL,6.58
RP,Abner Uribe (42962758),Abner Uribe,42962758,P,4000,MIL@WSH 05/03/2026 01:35PM ET,MIL,3.00
RP,Gus Varland (42962774),Gus Varland,42962774,P,4000,MIL@WSH 05/03/2026 01:35PM ET,WSH,2.95
RP,Clayton Beeter (42962785),Clayton Beeter,42962785,P,4000,MIL@WSH 05/03/2026 01:35PM ET,WSH,2.88
RP,DL Hall (42962786),DL Hall,42962786,P,4000,MIL@WSH 05/03/2026 01:35PM ET,MIL,3.66
RP,Andre Granillo (42962804),Andre Granillo,42962804,P,4000,MIL@WSH 05/03/2026 01:35PM ET,WSH,0.04
RP,Trevor Megill (42962807),Trevor Megill,42962807,P,4000,MIL@WSH 05/03/2026 01:35PM ET,MIL,2.11
RP,Riley Cornelio (42962810),Riley Cornelio,42962810,P,4000,MIL@WSH 05/03/2026 01:35PM ET,WSH,-1.1
RP,Grant Anderson (42962815),Grant Anderson,42962815,P,4000,MIL@WSH 05/03/2026 01:35PM ET,MIL,2.86
RP,Julian Fernandez (42962823),Julian Fernandez,42962823,P,4000,MIL@WSH 05/03/2026 01:35PM ET,WSH,1.8
RP,Easton McGee (42962829),Easton McGee,42962829,P,4000,MIL@WSH 05/03/2026 01:35PM ET,MIL,2.65
RP,Rob Zastryzny (42962830),Rob Zastryzny,42962830,P,4000,MIL@WSH 05/03/2026 01:35PM ET,MIL,0
RP,Richard Lovelady (42962842),Richard Lovelady,42962842,P,4000,MIL@WSH 05/03/2026 01:35PM ET,WSH,3.41
RP,Jared Koenig (42962844),Jared Koenig,42962844,P,4000,MIL@WSH 05/03/2026 01:35PM ET,MIL,3.42
RP,Cole Henry (42962854),Cole Henry,42962854,P,4000,MIL@WSH 05/03/2026 01:35PM ET,WSH,1.99
RP,Angel Zerpa (42962864),Angel Zerpa,42962864,P,4000,MIL@WSH 05/03/2026 01:35PM ET,MIL,1.11
RP,PJ Poulin (42962871),PJ Poulin,42962871,P,4000,MIL@WSH 05/03/2026 01:35PM ET,WSH,2.21
RP,Cionel Perez (42962872),Cionel Perez,42962872,P,4000,MIL@WSH 05/03/2026 01:35PM ET,WSH,1.49
SP,Ken Waldichuk (42962879),Ken Waldichuk,42962879,P,4000,MIL@WSH 05/03/2026 01:35PM ET,WSH,2.8
RP,Orlando Ribalta (42962880),Orlando Ribalta,42962880,P,4000,MIL@WSH 05/03/2026 01:35PM ET,WSH,3.38
RP,Eduardo Rivera (42962691),Eduardo Rivera,42962691,P,4000,HOU@BOS 05/03/2026 01:35PM ET,BOS,12.9
RP,Zack Kelly (42962709),Zack Kelly,42962709,P,4000,HOU@BOS 05/03/2026 01:35PM ET,BOS,2.88
RP,Steven Okert (42962721),Steven Okert,42962721,P,4000,HOU@BOS 05/03/2026 01:35PM ET,HOU,1.58
RP,Greg Weissert (42962722),Greg Weissert,42962722,P,4000,HOU@BOS 05/03/2026 01:35PM ET,BOS,2.64
RP,Jack Anderson (42962729),Jack Anderson,42962729,P,4000,HOU@BOS 05/03/2026 01:35PM ET,BOS,6
RP,Garrett Whitlock (42962739),Garrett Whitlock,42962739,P,4000,HOU@BOS 05/03/2026 01:35PM ET,BOS,3.67
RP,Danny Coulombe (42962754),Danny Coulombe,42962754,P,4000,HOU@BOS 05/03/2026 01:35PM ET,BOS,0.85
RP,Bennett Sousa (42962755),Bennett Sousa,42962755,P,4000,HOU@BOS 05/03/2026 01:35PM ET,HOU,0.61
RP,Bryan King (42962767),Bryan King,42962767,P,4000,HOU@BOS 05/03/2026 01:35PM ET,HOU,2.85
RP,Justin Slaten (42962780),Justin Slaten,42962780,P,4000,HOU@BOS 05/03/2026 01:35PM ET,BOS,3.78
RP,Bryan Abreu (42962794),Bryan Abreu,42962794,P,4000,HOU@BOS 05/03/2026 01:35PM ET,HOU,1.04
RP,Tyler Samaniego (42962819),Tyler Samaniego,42962819,P,4000,HOU@BOS 05/03/2026 01:35PM ET,BOS,4.01
RP,Ryan Watson (42962827),Ryan Watson,42962827,P,4000,HOU@BOS 05/03/2026 01:35PM ET,BOS,1.96
RP,Jayden Murray (42962831),Jayden Murray,42962831,P,4000,HOU@BOS 05/03/2026 01:35PM ET,HOU,2.08
RP,Enyel De Los Santos (42962837),Enyel De Los Santos,42962837,P,4000,HOU@BOS 05/03/2026 01:35PM ET,HOU,2.04
RP,Josh Hader (42962846),Josh Hader,42962846,P,4000,HOU@BOS 05/03/2026 01:35PM ET,HOU,0
RP,Aroldis Chapman (42962849),Aroldis Chapman,42962849,P,4000,HOU@BOS 05/03/2026 01:35PM ET,BOS,3.58
RP,Tyler Uberstine (42962855),Tyler Uberstine,42962855,P,4000,HOU@BOS 05/03/2026 01:35PM ET,BOS,5.6
RP,Jovani Moran (42962887),Jovani Moran,42962887,P,4000,HOU@BOS 05/03/2026 01:35PM ET,BOS,5.71
OF,Chandler Simpson (42962221),Chandler Simpson,42962221,OF,4000,SF@TB 05/03/2026 01:40PM ET,TB,7.56
3B,Matt Chapman (42962223),Matt Chapman,42962223,3B,4000,SF@TB 05/03/2026 01:40PM ET,SF,6.15
1B,Jonathan Aranda (42962225),Jonathan Aranda,42962225,1B,4000,SF@TB 05/03/2026 01:40PM ET,TB,8.22
RP,Jason Foley (42962680),Jason Foley,42962680,P,4000,SF@TB 05/03/2026 01:40PM ET,SF,0
RP,Sam Hentges (42962684),Sam Hentges,42962684,P,4000,SF@TB 05/03/2026 01:40PM ET,SF,0
RP,Michael Grove (42962687),Michael Grove,42962687,P,4000,SF@TB 05/03/2026 01:40PM ET,TB,0
RP,Reiver Sanmartin (42962694),Reiver Sanmartin,42962694,P,4000,SF@TB 05/03/2026 01:40PM ET,SF,0
RP,Rowan Wick (42962698),Rowan Wick,42962698,P,4000,SF@TB 05/03/2026 01:40PM ET,SF,0
RP,Alex Cook (42962699),Alex Cook,42962699,P,4000,SF@TB 05/03/2026 01:40PM ET,TB,0
RP,Steven Wilson (42962707),Steven Wilson,42962707,P,4000,SF@TB 05/03/2026 01:40PM ET,TB,0
RP,Kevin Kelly (42962716),Kevin Kelly,42962716,P,4000,SF@TB 05/03/2026 01:40PM ET,TB,3.41
RP,Mason Englert (42962717),Mason Englert,42962717,P,4000,SF@TB 05/03/2026 01:40PM ET,TB,1.63
RP,Griffin Jax (42962728),Griffin Jax,42962728,P,4000,SF@TB 05/03/2026 01:40PM ET,TB,2.68
RP,Gregory Santos (42962751),Gregory Santos,42962751,P,4000,SF@TB 05/03/2026 01:40PM ET,SF,3.95
RP,Bryan Baker (42962752),Bryan Baker,42962752,P,4000,SF@TB 05/03/2026 01:40PM ET,TB,3.43
RP,Cam Booser (42962753),Cam Booser,42962753,P,4000,SF@TB 05/03/2026 01:40PM ET,TB,0
RP,Edwin Uceta (42962756),Edwin Uceta,42962756,P,4000,SF@TB 05/03/2026 01:40PM ET,TB,0
SP,Caleb Kilian (42962763),Caleb Kilian,42962763,P,4000,SF@TB 05/03/2026 01:40PM ET,SF,4.44
RP,Garrett Cleavinger (42962765),Garrett Cleavinger,42962765,P,4000,SF@TB 05/03/2026 01:40PM ET,TB,2.68
RP,Manuel Rodriguez (42962772),Manuel Rodriguez,42962772,P,4000,SF@TB 05/03/2026 01:40PM ET,TB,0
RP,Yoendrys Gomez (42962787),Yoendrys Gomez,42962787,P,4000,SF@TB 05/03/2026 01:40PM ET,TB,2.56
RP,Ryan Walker (42962791),Ryan Walker,42962791,P,4000,SF@TB 05/03/2026 01:40PM ET,SF,2.39
RP,Joe Rock (42962793),Joe Rock,42962793,P,4000,SF@TB 05/03/2026 01:40PM ET,TB,0
RP,Randy Rodriguez (42962800),Randy Rodriguez,42962800,P,4000,SF@TB 05/03/2026 01:40PM ET,SF,0
RP,Trevor Martin (42962809),Trevor Martin,42962809,P,4000,SF@TB 05/03/2026 01:40PM ET,TB,2.32
RP,Erik Miller (42962818),Erik Miller,42962818,P,4000,SF@TB 05/03/2026 01:40PM ET,SF,3.59
RP,Cole Sulser (42962832),Cole Sulser,42962832,P,4000,SF@TB 05/03/2026 01:40PM ET,TB,3.35
RP,Matt Gage (42962840),Matt Gage,42962840,P,4000,SF@TB 05/03/2026 01:40PM ET,SF,2.73
RP,Hunter Bigge (42962850),Hunter Bigge,42962850,P,4000,SF@TB 05/03/2026 01:40PM ET,TB,1.75
RP,Casey Legumina (42962856),Casey Legumina,42962856,P,4000,SF@TB 05/03/2026 01:40PM ET,TB,2.50
RP,Trevor McDonald (42962860),Trevor McDonald,42962860,P,4000,SF@TB 05/03/2026 01:40PM ET,SF,0
RP,Ryan Borucki (42962861),Ryan Borucki,42962861,P,4000,SF@TB 05/03/2026 01:40PM ET,SF,1.59
RP,Joel Peguero (42962884),Joel Peguero,42962884,P,4000,SF@TB 05/03/2026 01:40PM ET,SF,0
OF,Kyle Stowers (42962220),Kyle Stowers,42962220,OF,4000,PHI@MIA 05/03/2026 01:40PM ET,MIA,5.54
RP,William Kempner (42962688),William Kempner,42962688,P,4000,PHI@MIA 05/03/2026 01:40PM ET,MIA,0
RP,Moises Chace (42962692),Moises Chace,42962692,P,4000,PHI@MIA 05/03/2026 01:40PM ET,PHI,0
SP,Jean Cabrera (42962700),Jean Cabrera,42962700,P,4000,PHI@MIA 05/03/2026 01:40PM ET,PHI,0
RP,Josh White (42962701),Josh White,42962701,P,4000,PHI@MIA 05/03/2026 01:40PM ET,MIA,0
SP,Bradley Blalock (42962708),Bradley Blalock,42962708,P,4000,PHI@MIA 05/03/2026 01:40PM ET,MIA,0
RP,Jhoan Duran (42962724),Jhoan Duran,42962724,P,4000,PHI@MIA 05/03/2026 01:40PM ET,PHI,4.29
RP,Ronny Henriquez (42962731),Ronny Henriquez,42962731,P,4000,PHI@MIA 05/03/2026 01:40PM ET,MIA,0
RP,Tim Mayza (42962738),Tim Mayza,42962738,P,4000,PHI@MIA 05/03/2026 01:40PM ET,PHI,3.37
RP,Tanner Banks (42962748),Tanner Banks,42962748,P,4000,PHI@MIA 05/03/2026 01:40PM ET,PHI,1.67
RP,Kyle Backhus (42962783),Kyle Backhus,42962783,P,4000,PHI@MIA 05/03/2026 01:40PM ET,PHI,2.46
RP,Chase Shugart (42962789),Chase Shugart,42962789,P,4000,PHI@MIA 05/03/2026 01:40PM ET,PHI,4.12
RP,Calvin Faucher (42962803),Calvin Faucher,42962803,P,4000,PHI@MIA 05/03/2026 01:40PM ET,MIA,2.67
RP,Andrew Nardi (42962813),Andrew Nardi,42962813,P,4000,PHI@MIA 05/03/2026 01:40PM ET,MIA,2.46
RP,Cade Gibson (42962821),Cade Gibson,42962821,P,4000,PHI@MIA 05/03/2026 01:40PM ET,MIA,-6.45
RP,Tyler Phillips (42962822),Tyler Phillips,42962822,P,4000,PHI@MIA 05/03/2026 01:40PM ET,MIA,5.76
RP,Alan Rangel (42962833),Alan Rangel,42962833,P,4000,PHI@MIA 05/03/2026 01:40PM ET,PHI,12.95
RP,Nolan Hoffman (42962843),Nolan Hoffman,42962843,P,4000,PHI@MIA 05/03/2026 01:40PM ET,PHI,2.95
RP,John King (42962847),John King,42962847,P,4000,PHI@MIA 05/03/2026 01:40PM ET,MIA,3.56
RP,Max Lazar (42962857),Max Lazar,42962857,P,4000,PHI@MIA 05/03/2026 01:40PM ET,PHI,0
RP,Orion Kerkering (42962865),Orion Kerkering,42962865,P,4000,PHI@MIA 05/03/2026 01:40PM ET,PHI,2.77
RP,Michael Petersen (42962866),Michael Petersen,42962866,P,4000,PHI@MIA 05/03/2026 01:40PM ET,MIA,3.58
RP,Zach Pop (42962868),Zach Pop,42962868,P,4000,PHI@MIA 05/03/2026 01:40PM ET,PHI,2.44
RP,Brad Keller (42962869),Brad Keller,42962869,P,4000,PHI@MIA 05/03/2026 01:40PM ET,PHI,2.98
RP,Jose Alvarado (42962873),Jose Alvarado,42962873,P,4000,PHI@MIA 05/03/2026 01:40PM ET,PHI,1.23
RP,Lake Bachar (42962877),Lake Bachar,42962877,P,4000,PHI@MIA 05/03/2026 01:40PM ET,MIA,6.11
RP,Pete Fairbanks (42962881),Pete Fairbanks,42962881,P,4000,PHI@MIA 05/03/2026 01:40PM ET,MIA,1.78
RP,Anthony Bender (42962891),Anthony Bender,42962891,P,4000,PHI@MIA 05/03/2026 01:40PM ET,MIA,2.58
SP,Julian Aguiar (42962682),Julian Aguiar,42962682,P,4000,CIN@PIT 05/03/2026 01:35PM ET,CIN,0
RP,Brandan Bidois (42962693),Brandan Bidois,42962693,P,4000,CIN@PIT 05/03/2026 01:35PM ET,PIT,0
SP,Jose Franco (42962713),Jose Franco,42962713,P,4000,CIN@PIT 05/03/2026 01:35PM ET,CIN,3.51
RP,Gregory Soto (42962714),Gregory Soto,42962714,P,4000,CIN@PIT 05/03/2026 01:35PM ET,PIT,4.47
RP,Caleb Ferguson (42962723),Caleb Ferguson,42962723,P,4000,CIN@PIT 05/03/2026 01:35PM ET,CIN,0
SP,Connor Phillips (42962735),Connor Phillips,42962735,P,4000,CIN@PIT 05/03/2026 01:35PM ET,CIN,3.01
RP,Pierce Johnson (42962742),Pierce Johnson,42962742,P,4000,CIN@PIT 05/03/2026 01:35PM ET,CIN,2.39
RP,Evan Sisk (42962744),Evan Sisk,42962744,P,4000,CIN@PIT 05/03/2026 01:35PM ET,PIT,4.59
RP,Yohan Ramirez (42962759),Yohan Ramirez,42962759,P,4000,CIN@PIT 05/03/2026 01:35PM ET,PIT,5.28
SP,Tony Santillan (42962769),Tony Santillan,42962769,P,4000,CIN@PIT 05/03/2026 01:35PM ET,CIN,3.55
RP,Cam Sanders (42962777),Cam Sanders,42962777,P,4000,CIN@PIT 05/03/2026 01:35PM ET,PIT,1.05
RP,Luis Mey (42962790),Luis Mey,42962790,P,4000,CIN@PIT 05/03/2026 01:35PM ET,CIN,6.18
RP,Sam Moll (42962798),Sam Moll,42962798,P,4000,CIN@PIT 05/03/2026 01:35PM ET,CIN,3.17
RP,Zach Maxwell (42962802),Zach Maxwell,42962802,P,4000,CIN@PIT 05/03/2026 01:35PM ET,CIN,-6.75
RP,Kyle Nicolas (42962812),Kyle Nicolas,42962812,P,4000,CIN@PIT 05/03/2026 01:35PM ET,CIN,1.13
RP,Dennis Santana (42962824),Dennis Santana,42962824,P,4000,CIN@PIT 05/03/2026 01:35PM ET,PIT,2.68
RP,Justin Lawrence (42962825),Justin Lawrence,42962825,P,4000,CIN@PIT 05/03/2026 01:35PM ET,PIT,2.56
RP,Chris Devenski (42962839),Chris Devenski,42962839,P,4000,CIN@PIT 05/03/2026 01:35PM ET,PIT,1.42
RP,Isaac Mattson (42962848),Isaac Mattson,42962848,P,4000,CIN@PIT 05/03/2026 01:35PM ET,PIT,1.95
RP,Mason Montgomery (42962853),Mason Montgomery,42962853,P,4000,CIN@PIT 05/03/2026 01:35PM ET,PIT,4.09
RP,Brock Burke (42962874),Brock Burke,42962874,P,4000,CIN@PIT 05/03/2026 01:35PM ET,CIN,3.13
RP,Emilio Pagan (42962883),Emilio Pagan,42962883,P,4000,CIN@PIT 05/03/2026 01:35PM ET,CIN,2.35
RP,Graham Ashcraft (42962885),Graham Ashcraft,42962885,P,4000,CIN@PIT 05/03/2026 01:35PM ET,CIN,3.62
C,Dalton Rushing (42962224),Dalton Rushing,42962224,C,4000,LAD@STL 05/03/2026 02:15PM ET,LAD,10.81
SS,Mookie Betts (42962406),Mookie Betts,42962406,SS,4000,LAD@STL 05/03/2026 02:15PM ET,LAD,8.38
RP,Brusdar Graterol (42962686),Brusdar Graterol,42962686,P,4000,LAD@STL 05/03/2026 02:15PM ET,LAD,0
RP,Jake Cousins (42962695),Jake Cousins,42962695,P,4000,LAD@STL 05/03/2026 02:15PM ET,LAD,0
RP,Ronan Kopp (42962696),Ronan Kopp,42962696,P,4000,LAD@STL 05/03/2026 02:15PM ET,LAD,0
SP,Tink Hence (42962697),Tink Hence,42962697,P,4000,LAD@STL 05/03/2026 02:15PM ET,STL,0
RP,Cooper Hjerpe (42962704),Cooper Hjerpe,42962704,P,4000,LAD@STL 05/03/2026 02:15PM ET,STL,0
RP,Edgardo Henriquez (42962725),Edgardo Henriquez,42962725,P,4000,LAD@STL 05/03/2026 02:15PM ET,LAD,2.28
RP,Evan Phillips (42962730),Evan Phillips,42962730,P,4000,LAD@STL 05/03/2026 02:15PM ET,LAD,0
RP,Paul Gervase (42962734),Paul Gervase,42962734,P,4000,LAD@STL 05/03/2026 02:15PM ET,LAD,0
RP,Ryne Stanek (42962736),Ryne Stanek,42962736,P,4000,LAD@STL 05/03/2026 02:15PM ET,STL,1.93
SP,Riley O'Brien (42962737),Riley O'Brien,42962737,P,4000,LAD@STL 05/03/2026 02:15PM ET,STL,4.25
RP,Kyle Hurt (42962757),Kyle Hurt,42962757,P,4000,LAD@STL 05/03/2026 02:15PM ET,LAD,4.19
RP,Matt Pushard (42962761),Matt Pushard,42962761,P,4000,LAD@STL 05/03/2026 02:15PM ET,STL,-4.15
RP,Brock Stewart (42962771),Brock Stewart,42962771,P,4000,LAD@STL 05/03/2026 02:15PM ET,LAD,0
RP,Jack Dreyer (42962773),Jack Dreyer,42962773,P,4000,LAD@STL 05/03/2026 02:15PM ET,LAD,3.62
RP,Alex Vesia (42962775),Alex Vesia,42962775,P,4000,LAD@STL 05/03/2026 02:15PM ET,LAD,3.30
RP,Justin Bruihl (42962782),Justin Bruihl,42962782,P,4000,LAD@STL 05/03/2026 02:15PM ET,STL,0.81
RP,George Soriano (42962792),George Soriano,42962792,P,4000,LAD@STL 05/03/2026 02:15PM ET,STL,2.59
RP,Edwin Diaz (42962795),Edwin Diaz,42962795,P,4000,LAD@STL 05/03/2026 02:15PM ET,LAD,2.07
RP,Ben Casparius (42962799),Ben Casparius,42962799,P,4000,LAD@STL 05/03/2026 02:15PM ET,LAD,0.5
RP,Matt Svanson (42962801),Matt Svanson,42962801,P,4000,LAD@STL 05/03/2026 02:15PM ET,STL,0.72
RP,Tanner Scott (42962811),Tanner Scott,42962811,P,4000,LAD@STL 05/03/2026 02:15PM ET,LAD,2.93
RP,Ryan Fernandez (42962814),Ryan Fernandez,42962814,P,4000,LAD@STL 05/03/2026 02:15PM ET,STL,6.84
RP,JoJo Romero (42962826),JoJo Romero,42962826,P,4000,LAD@STL 05/03/2026 02:15PM ET,STL,2.21
RP,Jake Eder (42962852),Jake Eder,42962852,P,4000,LAD@STL 05/03/2026 02:15PM ET,LAD,2.65
RP,Will Klein (42962863),Will Klein,42962863,P,4000,LAD@STL 05/03/2026 02:15PM ET,LAD,4.94
RP,Chris Roycroft (42962878),Chris Roycroft,42962878,P,4000,LAD@STL 05/03/2026 02:15PM ET,STL,-0.71
RP,Blake Treinen (42962886),Blake Treinen,42962886,P,4000,LAD@STL 05/03/2026 02:15PM ET,LAD,2.28
SS,Geraldo Perdomo (42962222),Geraldo Perdomo,42962222,SS,4000,ARI@CHC 05/03/2026 02:20PM ET,ARI,7.41
SP,Dylan Ray (42962685),Dylan Ray,42962685,P,4000,ARI@CHC 05/03/2026 02:20PM ET,ARI,0
SP,Mitch Bratt (42962690),Mitch Bratt,42962690,P,4000,ARI@CHC 05/03/2026 02:20PM ET,ARI,0
RP,Blake Walston (42962702),Blake Walston,42962702,P,4000,ARI@CHC 05/03/2026 02:20PM ET,ARI,0
RP,Yacksel Rios (42962705),Yacksel Rios,42962705,P,4000,ARI@CHC 05/03/2026 02:20PM ET,CHC,7.75
SP,Kohl Drake (42962706),Kohl Drake,42962706,P,4000,ARI@CHC 05/03/2026 02:20PM ET,ARI,0
RP,Gavin Hollowell (42962719),Gavin Hollowell,42962719,P,4000,ARI@CHC 05/03/2026 02:20PM ET,CHC,0
RP,Andrew Saalfrank (42962720),Andrew Saalfrank,42962720,P,4000,ARI@CHC 05/03/2026 02:20PM ET,ARI,0
RP,Kevin Ginkel (42962727),Kevin Ginkel,42962727,P,4000,ARI@CHC 05/03/2026 02:20PM ET,ARI,3.44
RP,Doug Nikhazy (42962733),Doug Nikhazy,42962733,P,4000,ARI@CHC 05/03/2026 02:20PM ET,CHC,2.7
RP,A.J. Puk (42962741),A.J. Puk,42962741,P,4000,ARI@CHC 05/03/2026 02:20PM ET,ARI,0
RP,Phil Maton (42962745),Phil Maton,42962745,P,4000,ARI@CHC 05/03/2026 02:20PM ET,CHC,0.93
RP,Shelby Miller (42962746),Shelby Miller,42962746,P,4000,ARI@CHC 05/03/2026 02:20PM ET,CHC,0
RP,Riley Martin (42962760),Riley Martin,42962760,P,4000,ARI@CHC 05/03/2026 02:20PM ET,CHC,3.82
RP,Drey Jameson (42962764),Drey Jameson,42962764,P,4000,ARI@CHC 05/03/2026 02:20PM ET,ARI,0
RP,Daniel Palencia (42962768),Daniel Palencia,42962768,P,4000,ARI@CHC 05/03/2026 02:20PM ET,CHC,4.45
RP,Juan Morillo (42962776),Juan Morillo,42962776,P,4000,ARI@CHC 05/03/2026 02:20PM ET,ARI,3.84
RP,Paul Sewald (42962784),Paul Sewald,42962784,P,4000,ARI@CHC 05/03/2026 02:20PM ET,ARI,2.72
RP,Andrew Hoffmann (42962788),Andrew Hoffmann,42962788,P,4000,ARI@CHC 05/03/2026 02:20PM ET,ARI,2.08
RP,Taylor Rashi (42962797),Taylor Rashi,42962797,P,4000,ARI@CHC 05/03/2026 02:20PM ET,ARI,3.28
SP,Cristian Mena (42962805),Cristian Mena,42962805,P,4000,ARI@CHC 05/03/2026 02:20PM ET,ARI,0
RP,Corbin Martin (42962808),Corbin Martin,42962808,P,4000,ARI@CHC 05/03/2026 02:20PM ET,CHC,1.6
RP,Luke Little (42962816),Luke Little,42962816,P,4000,ARI@CHC 05/03/2026 02:20PM ET,CHC,1.05
RP,Ryan Thompson (42962817),Ryan Thompson,42962817,P,4000,ARI@CHC 05/03/2026 02:20PM ET,ARI,1.82
RP,Philip Abner (42962820),Philip Abner,42962820,P,4000,ARI@CHC 05/03/2026 02:20PM ET,ARI,2.05
RP,Jonathan Loaisiga (42962828),Jonathan Loaisiga,42962828,P,4000,ARI@CHC 05/03/2026 02:20PM ET,ARI,2.1
RP,Taylor Clarke (42962834),Taylor Clarke,42962834,P,4000,ARI@CHC 05/03/2026 02:20PM ET,ARI,2.36
RP,Justin Martinez (42962836),Justin Martinez,42962836,P,4000,ARI@CHC 05/03/2026 02:20PM ET,ARI,0
RP,Juan Burgos (42962838),Juan Burgos,42962838,P,4000,ARI@CHC 05/03/2026 02:20PM ET,ARI,0
RP,Hoby Milner (42962841),Hoby Milner,42962841,P,4000,ARI@CHC 05/03/2026 02:20PM ET,CHC,1.74
RP,Ethan Roberts (42962845),Ethan Roberts,42962845,P,4000,ARI@CHC 05/03/2026 02:20PM ET,CHC,2.73
RP,Jacob Webb (42962858),Jacob Webb,42962858,P,4000,ARI@CHC 05/03/2026 02:20PM ET,CHC,2.34
RP,Caleb Thielbar (42962862),Caleb Thielbar,42962862,P,4000,ARI@CHC 05/03/2026 02:20PM ET,CHC,3.3
RP,Ryan Rolison (42962870),Ryan Rolison,42962870,P,4000,ARI@CHC 05/03/2026 02:20PM ET,CHC,4.7
RP,Charlie Barnes (42962875),Charlie Barnes,42962875,P,4000,ARI@CHC 05/03/2026 02:20PM ET,CHC,-2.05
RP,Brandyn Garcia (42962876),Brandyn Garcia,42962876,P,4000,ARI@CHC 05/03/2026 02:20PM ET,ARI,8.5
RP,Hunter Harvey (42962882),Hunter Harvey,42962882,P,4000,ARI@CHC 05/03/2026 02:20PM ET,CHC,1.85
RP,Kade Strowd (42962888),Kade Strowd,42962888,P,4000,ARI@CHC 05/03/2026 02:20PM ET,ARI,0
RP,Porter Hodge (42962889),Porter Hodge,42962889,P,4000,ARI@CHC 05/03/2026 02:20PM ET,CHC,0
2B,Jazz Chisholm Jr. (42962219),Jazz Chisholm Jr.,42962219,2B,4000,BAL@NYY 05/03/2026 01:35PM ET,NYY,7
3B,Jordan Westburg (42962405),Jordan Westburg,42962405,3B,4000,BAL@NYY 05/03/2026 01:35PM ET,BAL,0
SP,Chase Hampton (42962681),Chase Hampton,42962681,P,4000,BAL@NYY 05/03/2026 01:35PM ET,NYY,0
RP,Kervin Castro (42962689),Kervin Castro,42962689,P,4000,BAL@NYY 05/03/2026 01:35PM ET,NYY,0
RP,Nick Raquet (42962710),Nick Raquet,42962710,P,4000,BAL@NYY 05/03/2026 01:35PM ET,BAL,-0.53
RP,Yerry de los Santos (42962711),Yerry de los Santos,42962711,P,4000,BAL@NYY 05/03/2026 01:35PM ET,NYY,1.5
RP,Jake Bird (42962712),Jake Bird,42962712,P,4000,BAL@NYY 05/03/2026 01:35PM ET,NYY,2.26
RP,Felix Bautista (42962718),Felix Bautista,42962718,P,4000,BAL@NYY 05/03/2026 01:35PM ET,BAL,0
RP,David Bednar (42962732),David Bednar,42962732,P,4000,BAL@NYY 05/03/2026 01:35PM ET,NYY,2.87
RP,Yaramil Hiraldo (42962747),Yaramil Hiraldo,42962747,P,4000,BAL@NYY 05/03/2026 01:35PM ET,BAL,-1.48
RP,Fernando Cruz (42962749),Fernando Cruz,42962749,P,4000,BAL@NYY 05/03/2026 01:35PM ET,NYY,3.52
RP,Camilo Doval (42962750),Camilo Doval,42962750,P,4000,BAL@NYY 05/03/2026 01:35PM ET,NYY,2.37
RP,Rico Garcia (42962762),Rico Garcia,42962762,P,4000,BAL@NYY 05/03/2026 01:35PM ET,BAL,4.25
RP,Cameron Foster (42962766),Cameron Foster,42962766,P,4000,BAL@NYY 05/03/2026 01:35PM ET,BAL,2.89
RP,Andrew Kittredge (42962770),Andrew Kittredge,42962770,P,4000,BAL@NYY 05/03/2026 01:35PM ET,BAL,4.32
RP,Grant Wolfram (42962778),Grant Wolfram,42962778,P,4000,BAL@NYY 05/03/2026 01:35PM ET,BAL,3.38
RP,Yennier Cano (42962779),Yennier Cano,42962779,P,4000,BAL@NYY 05/03/2026 01:35PM ET,BAL,2.83
RP,Paul Blackburn (42962781),Paul Blackburn,42962781,P,4000,BAL@NYY 05/03/2026 01:35PM ET,NYY,3.81
RP,Anthony Nunez (42962796),Anthony Nunez,42962796,P,4000,BAL@NYY 05/03/2026 01:35PM ET,BAL,3.1
RP,Angel Chivilli (42962806),Angel Chivilli,42962806,P,4000,BAL@NYY 05/03/2026 01:35PM ET,NYY,2.82
RP,Colin Selby (42962835),Colin Selby,42962835,P,4000,BAL@NYY 05/03/2026 01:35PM ET,BAL,0
RP,Ryan Helsley (42962851),Ryan Helsley,42962851,P,4000,BAL@NYY 05/03/2026 01:35PM ET,BAL,3.3
RP,Jose Espada (42962859),Jose Espada,42962859,P,4000,BAL@NYY 05/03/2026 01:35PM ET,BAL,1.05
RP,Tim Hill (42962867),Tim Hill,42962867,P,4000,BAL@NYY 05/03/2026 01:35PM ET,NYY,2.03
RP,Brent Headrick (42962890),Brent Headrick,42962890,P,4000,BAL@NYY 05/03/2026 01:35PM ET,NYY,3.02
OF,Joey Wiemer (42962229),Joey Wiemer,42962229,OF,3900,MIL@WSH 05/03/2026 01:35PM ET,WSH,5.96
1B,Rafael Devers (42962228),Rafael Devers,42962228,1B,3900,SF@TB 05/03/2026 01:40PM ET,SF,4.82
SS,Konnor Griffin (42962231),Konnor Griffin,42962231,SS,3900,CIN@PIT 05/03/2026 01:35PM ET,PIT,7.82
C,Will Smith (42962230),Will Smith,42962230,C,3900,LAD@STL 05/03/2026 02:15PM ET,LAD,5.93
2B/3B,Amed Rosario (42962226),Amed Rosario,42962226,2B/3B,3900,BAL@NYY 05/03/2026 01:35PM ET,NYY,6.43
3B,Isaac Paredes (42962234),Isaac Paredes,42962234,3B,3800,HOU@BOS 05/03/2026 01:35PM ET,HOU,7.07
2B,Luis Arraez (42962233),Luis Arraez,42962233,2B,3800,SF@TB 05/03/2026 01:40PM ET,SF,6.81
OF,Jakob Marsee (42962232),Jakob Marsee,42962232,OF,3800,PHI@MIA 05/03/2026 01:40PM ET,MIA,7.24
OF,Griffin Conine (42962407),Griffin Conine,42962407,OF,3800,PHI@MIA 05/03/2026 01:40PM ET,MIA,6.36
1B/SS,Jose Fernandez (42962236),Jose Fernandez,42962236,1B/SS,3800,ARI@CHC 05/03/2026 02:20PM ET,ARI,6.89
C,Samuel Basallo (42962235),Samuel Basallo,42962235,C,3800,BAL@NYY 05/03/2026 01:35PM ET,BAL,6.56
OF,Garrett Mitchell (42962241),Garrett Mitchell,42962241,OF,3700,MIL@WSH 05/03/2026 01:35PM ET,MIL,7.47
1B,Curtis Mead (42962245),Curtis Mead,42962245,1B,3700,MIL@WSH 05/03/2026 01:35PM ET,WSH,6.44
3B,Nick Gonzales (42962240),Nick Gonzales,42962240,3B,3700,CIN@PIT 05/03/2026 01:35PM ET,PIT,7.03
SS,Dansby Swanson (42962242),Dansby Swanson,42962242,SS,3700,ARI@CHC 05/03/2026 02:20PM ET,CHC,8.38
C,Adrian Del Castillo (42962243),Adrian Del Castillo,42962243,C,3700,ARI@CHC 05/03/2026 02:20PM ET,ARI,6.53
C,Moises Ballesteros (42962244),Moises Ballesteros,42962244,C,3700,ARI@CHC 05/03/2026 02:20PM ET,CHC,6.52
OF,Trent Grisham (42962238),Trent Grisham,42962238,OF,3700,BAL@NYY 05/03/2026 01:35PM ET,NYY,6.75
2B,Jeremiah Jackson (42962239),Jeremiah Jackson,42962239,2B,3700,BAL@NYY 05/03/2026 01:35PM ET,BAL,6.71
C,Gary Sanchez (42962250),Gary Sanchez,42962250,C,3600,MIL@WSH 05/03/2026 01:35PM ET,MIL,7.73
OF,Dylan Crews (42962409),Dylan Crews,42962409,OF,3600,MIL@WSH 05/03/2026 01:35PM ET,WSH,0
SS,Willy Adames (42962246),Willy Adames,42962246,SS,3600,SF@TB 05/03/2026 01:40PM ET,SF,5.19
OF,TJ Friedl (42962247),TJ Friedl,42962247,OF,3600,CIN@PIT 05/03/2026 01:35PM ET,CIN,5.77
OF,Jake Mangum (42962249),Jake Mangum,42962249,OF,3600,CIN@PIT 05/03/2026 01:35PM ET,PIT,4.89
1B,Michael Busch (42962248),Michael Busch,42962248,1B,3600,ARI@CHC 05/03/2026 02:20PM ET,CHC,5.97
2B,Jackson Holliday (42962408),Jackson Holliday,42962408,2B,3600,BAL@NYY 05/03/2026 01:35PM ET,BAL,0
C,Agustin Ramirez (42962253),Agustin Ramirez,42962253,C,3500,PHI@MIA 05/03/2026 01:40PM ET,MIA,6.93
C,Gabriel Moreno (42962254),Gabriel Moreno,42962254,C,3500,ARI@CHC 05/03/2026 02:20PM ET,ARI,5.21
3B,Nolan Arenado (42962256),Nolan Arenado,42962256,3B,3500,ARI@CHC 05/03/2026 02:20PM ET,ARI,6.73
OF,Jasson Dominguez (42962251),Jasson Dominguez,42962251,OF,3500,BAL@NYY 05/03/2026 01:35PM ET,NYY,2
OF,Tyler O'Neill (42962252),Tyler O'Neill,42962252,OF,3500,BAL@NYY 05/03/2026 01:35PM ET,BAL,5.07
SS,Jose Caballero (42962255),Jose Caballero,42962255,SS,3500,BAL@NYY 05/03/2026 01:35PM ET,NYY,7.81
2B,Nasim Nunez (42962257),Nasim Nunez,42962257,2B,3400,MIL@WSH 05/03/2026 01:35PM ET,WSH,6.74
3B,Brady House (42962262),Brady House,42962262,3B,3400,MIL@WSH 05/03/2026 01:35PM ET,WSH,6.42
C,Christian Vazquez (42962261),Christian Vazquez,42962261,C,3400,HOU@BOS 05/03/2026 01:35PM ET,HOU,7.12
1B,Casey Schmitt (42962258),Casey Schmitt,42962258,1B,3400,SF@TB 05/03/2026 01:40PM ET,SF,7.85
C,J.T. Realmuto (42962411),J.T. Realmuto,42962411,C,3400,PHI@MIA 05/03/2026 01:40PM ET,PHI,4.72
OF,JJ Bleday (42962259),JJ Bleday,42962259,OF,3400,CIN@PIT 05/03/2026 01:35PM ET,CIN,10
SS,Masyn Winn (42962260),Masyn Winn,42962260,SS,3400,LAD@STL 05/03/2026 02:15PM ET,STL,7.5
1B,Pavin Smith (42962410),Pavin Smith,42962410,1B,3400,ARI@CHC 05/03/2026 02:20PM ET,ARI,5.5
3B/SS,David Hamilton (42962268),David Hamilton,42962268,3B/SS,3300,MIL@WSH 05/03/2026 01:35PM ET,MIL,6.33
C,Yainer Diaz (42962265),Yainer Diaz,42962265,C,3300,HOU@BOS 05/03/2026 01:35PM ET,HOU,5.88
OF,Brandon Marsh (42962266),Brandon Marsh,42962266,OF,3300,PHI@MIA 05/03/2026 01:40PM ET,PHI,7.66
2B,Matt McLain (42962264),Matt McLain,42962264,2B,3300,CIN@PIT 05/03/2026 01:35PM ET,CIN,6.18
OF,Lars Nootbaar (42962412),Lars Nootbaar,42962412,OF,3300,LAD@STL 05/03/2026 02:15PM ET,STL,0
1B,Paul Goldschmidt (42962263),Paul Goldschmidt,42962263,1B,3300,BAL@NYY 05/03/2026 01:35PM ET,NYY,5.82
OF,Leody Taveras (42962267),Leody Taveras,42962267,OF,3300,BAL@NYY 05/03/2026 01:35PM ET,BAL,6.35
1B,Luis Garcia Jr. (42962273),Luis Garcia Jr.,42962273,1B,3200,MIL@WSH 05/03/2026 01:35PM ET,WSH,5.53
SS,Trevor Story (42962270),Trevor Story,42962270,SS,3200,HOU@BOS 05/03/2026 01:35PM ET,BOS,5.91
OF,Joey Loperfido (42962415),Joey Loperfido,42962415,OF,3200,HOU@BOS 05/03/2026 01:35PM ET,HOU,5
OF,Jung Hoo Lee (42962271),Jung Hoo Lee,42962271,OF,3200,SF@TB 05/03/2026 01:40PM ET,SF,6.21
2B,Richie Palacios (42962272),Richie Palacios,42962272,2B,3200,SF@TB 05/03/2026 01:40PM ET,TB,5.04
3B,Nolan Gorman (42962275),Nolan Gorman,42962275,3B,3200,LAD@STL 05/03/2026 02:15PM ET,STL,6.28
2B,Tommy Edman (42962416),Tommy Edman,42962416,2B,3200,LAD@STL 05/03/2026 02:15PM ET,LAD,0
C,Carson Kelly (42962274),Carson Kelly,42962274,C,3200,ARI@CHC 05/03/2026 02:20PM ET,CHC,7.12
2B/3B,Paul DeJong (42962413),Paul DeJong,42962413,2B/3B,3200,BAL@NYY 05/03/2026 01:35PM ET,NYY,0
OF,Jacob Young (42962276),Jacob Young,42962276,OF,3100,MIL@WSH 05/03/2026 01:35PM ET,WSH,5.34
OF,Cam Smith (42962278),Cam Smith,42962278,OF,3100,HOU@BOS 05/03/2026 01:35PM ET,HOU,6.91
OF,Gavin Lux (42962419),Gavin Lux,42962419,OF,3100,SF@TB 05/03/2026 01:40PM ET,TB,0
OF,Spencer Steer (42962277),Spencer Steer,42962277,OF,3100,CIN@PIT 05/03/2026 01:35PM ET,CIN,6.42
3B,Ramon Urias (42962280),Ramon Urias,42962280,3B,3100,LAD@STL 05/03/2026 02:15PM ET,STL,3.96
3B/OF,Kike Hernandez (42962417),Kike Hernandez,42962417,3B/OF,3100,LAD@STL 05/03/2026 02:15PM ET,LAD,0
C,Miguel Amaya (42962279),Miguel Amaya,42962279,C,3100,ARI@CHC 05/03/2026 02:20PM ET,CHC,5.2
OF,Sal Frelick (42962287),Sal Frelick,42962287,OF,3000,MIL@WSH 05/03/2026 01:35PM ET,MIL,5.52
2B/3B,Jorbit Vivas (42962290),Jorbit Vivas,42962290,2B/3B,3000,MIL@WSH 05/03/2026 01:35PM ET,WSH,4.07
1B,Andrew Vaughn (42962424),Andrew Vaughn,42962424,1B,3000,MIL@WSH 05/03/2026 01:35PM ET,MIL,5
OF,Ceddanne Rafaela (42962281),Ceddanne Rafaela,42962281,OF,3000,HOU@BOS 05/03/2026 01:35PM ET,BOS,5.81
OF,Jake Meyers (42962421),Jake Meyers,42962421,OF,3000,HOU@BOS 05/03/2026 01:35PM ET,HOU,5.92
1B/2B,Romy Gonzalez (42962422),Romy Gonzalez,42962422,1B/2B,3000,HOU@BOS 05/03/2026 01:35PM ET,BOS,0
OF,Jonny DeLuca (42962282),Jonny DeLuca,42962282,OF,3000,SF@TB 05/03/2026 01:40PM ET,TB,6.5
OF,Marcell Ozuna (42962284),Marcell Ozuna,42962284,OF,3000,CIN@PIT 05/03/2026 01:35PM ET,PIT,5.54
1B,Nathaniel Lowe (42962285),Nathaniel Lowe,42962285,1B,3000,CIN@PIT 05/03/2026 01:35PM ET,CIN,7.09
OF,Alex Call (42962288),Alex Call,42962288,OF,3000,LAD@STL 05/03/2026 02:15PM ET,LAD,5
OF,Lourdes Gurriel Jr. (42962283),Lourdes Gurriel Jr.,42962283,OF,3000,ARI@CHC 05/03/2026 02:20PM ET,ARI,4.4
OF,Dylan Beavers (42962286),Dylan Beavers,42962286,OF,3000,BAL@NYY 05/03/2026 01:35PM ET,BAL,5.88
C,J.C. Escarra (42962289),J.C. Escarra,42962289,C,3000,BAL@NYY 05/03/2026 01:35PM ET,NYY,4.54
SS,Anthony Volpe (42962420),Anthony Volpe,42962420,SS,3000,BAL@NYY 05/03/2026 01:35PM ET,NYY,0
3B,Luis Rengifo (42962298),Luis Rengifo,42962298,3B,2900,MIL@WSH 05/03/2026 01:35PM ET,MIL,4.68
OF,Masataka Yoshida (42962292),Masataka Yoshida,42962292,OF,2900,HOU@BOS 05/03/2026 01:35PM ET,BOS,4.84
OF,Cedric Mullins (42962293),Cedric Mullins,42962293,OF,2900,SF@TB 05/03/2026 01:40PM ET,TB,5.07
OF,Heliot Ramos (42962294),Heliot Ramos,42962294,OF,2900,SF@TB 05/03/2026 01:40PM ET,SF,6.22
2B,Bryson Stott (42962299),Bryson Stott,42962299,2B,2900,PHI@MIA 05/03/2026 01:40PM ET,PHI,5.63
C,Tyler Stephenson (42962296),Tyler Stephenson,42962296,C,2900,CIN@PIT 05/03/2026 01:35PM ET,CIN,4.18
1B,Spencer Horwitz (42962297),Spencer Horwitz,42962297,1B,2900,CIN@PIT 05/03/2026 01:35PM ET,PIT,5.87
OF,Blake Dunn (42962425),Blake Dunn,42962425,OF,2900,CIN@PIT 05/03/2026 01:35PM ET,CIN,0
OF,Nathan Church (42962295),Nathan Church,42962295,OF,2900,LAD@STL 05/03/2026 02:15PM ET,STL,6.33
SS,Hyeseong Kim (42962300),Hyeseong Kim,42962300,SS,2900,LAD@STL 05/03/2026 02:15PM ET,LAD,5.70
OF,Brandon Lockridge (42962307),Brandon Lockridge,42962307,OF,2800,MIL@WSH 05/03/2026 01:35PM ET,MIL,5.92
3B/OF,Shay Whitcomb (42962305),Shay Whitcomb,42962305,3B/OF,2800,HOU@BOS 05/03/2026 01:35PM ET,HOU,2.22
C,Nick Fortes (42962301),Nick Fortes,42962301,C,2800,SF@TB 05/03/2026 01:40PM ET,TB,4.46
C,Daniel Susac (42962426),Daniel Susac,42962426,C,2800,SF@TB 05/03/2026 01:40PM ET,SF,5.09
1B/OF,Christopher Morel (42962303),Christopher Morel,42962303,1B/OF,2800,PHI@MIA 05/03/2026 01:40PM ET,MIA,3
2B/3B,Maximo Acosta (42962427),Maximo Acosta,42962427,2B/3B,2800,PHI@MIA 05/03/2026 01:40PM ET,MIA,0
OF,Heriberto Hernandez (42962429),Heriberto Hernandez,42962429,OF,2800,PHI@MIA 05/03/2026 01:40PM ET,MIA,4.46
2B/SS,Miguel Rojas (42962308),Miguel Rojas,42962308,2B/SS,2800,LAD@STL 05/03/2026 02:15PM ET,LAD,3.90
OF,Alek Thomas (42962302),Alek Thomas,42962302,OF,2800,ARI@CHC 05/03/2026 02:20PM ET,ARI,5.84
C,Keibert Ruiz (42962314),Keibert Ruiz,42962314,C,2700,MIL@WSH 05/03/2026 01:35PM ET,WSH,3.71
1B,Tyler Black (42962319),Tyler Black,42962319,1B,2700,MIL@WSH 05/03/2026 01:35PM ET,MIL,9.17
OF,Brice Matthews (42962311),Brice Matthews,42962311,OF,2700,HOU@BOS 05/03/2026 01:35PM ET,HOU,5.28
2B,Marcelo Mayer (42962313),Marcelo Mayer,42962313,2B,2700,HOU@BOS 05/03/2026 01:35PM ET,BOS,4.59
OF,Jake Fraley (42962310),Jake Fraley,42962310,OF,2700,SF@TB 05/03/2026 01:40PM ET,TB,5.04
3B,Alec Bohm (42962312),Alec Bohm,42962312,3B,2700,PHI@MIA 05/03/2026 01:40PM ET,PHI,4.16
OF,Owen Caissie (42962318),Owen Caissie,42962318,OF,2700,PHI@MIA 05/03/2026 01:40PM ET,MIA,4.9
C,Joey Bart (42962315),Joey Bart,42962315,C,2700,CIN@PIT 05/03/2026 01:35PM ET,PIT,3.44
3B/OF,Matt Shaw (42962316),Matt Shaw,42962316,3B/OF,2700,ARI@CHC 05/03/2026 02:20PM ET,CHC,5.3
1B,Carlos Santana (42962430),Carlos Santana,42962430,1B,2700,ARI@CHC 05/03/2026 02:20PM ET,ARI,1.75
1B/OF,Ryan Vilade (42962320),Ryan Vilade,42962320,1B/OF,2600,SF@TB 05/03/2026 01:40PM ET,TB,3.88
OF,Adolis Garcia (42962322),Adolis Garcia,42962322,OF,2600,PHI@MIA 05/03/2026 01:40PM ET,PHI,5.85
3B/OF,Javier Sanoja (42962325),Javier Sanoja,42962325,3B/OF,2600,PHI@MIA 05/03/2026 01:40PM ET,MIA,4.56
OF,Dane Myers (42962323),Dane Myers,42962323,OF,2600,CIN@PIT 05/03/2026 01:35PM ET,CIN,3.89
OF,Noelvi Marte (42962432),Noelvi Marte,42962432,OF,2600,CIN@PIT 05/03/2026 01:35PM ET,CIN,2.27
3B/SS,Jared Triolo (42962433),Jared Triolo,42962433,3B/SS,2600,CIN@PIT 05/03/2026 01:35PM ET,PIT,4.14
2B,Alex Freeland (42962327),Alex Freeland,42962327,2B,2600,LAD@STL 05/03/2026 02:15PM ET,LAD,4.33
3B/OF,Jordan Lawlar (42962435),Jordan Lawlar,42962435,3B/OF,2600,ARI@CHC 05/03/2026 02:20PM ET,ARI,7.67
C,Austin Wells (42962324),Austin Wells,42962324,C,2600,BAL@NYY 05/03/2026 01:35PM ET,NYY,4.96
3B,Oswaldo Cabrera (42962431),Oswaldo Cabrera,42962431,3B,2600,BAL@NYY 05/03/2026 01:35PM ET,NYY,0
OF,Blake Perkins (42962337),Blake Perkins,42962337,OF,2500,MIL@WSH 05/03/2026 01:35PM ET,MIL,3.22
3B/SS,Jose Tena (42962339),Jose Tena,42962339,3B/SS,2500,MIL@WSH 05/03/2026 01:35PM ET,WSH,3.64
3B/SS,Andruw Monasterio (42962330),Andruw Monasterio,42962330,3B/SS,2500,HOU@BOS 05/03/2026 01:35PM ET,BOS,5.25
2B/SS,Ben Williamson (42962328),Ben Williamson,42962328,2B/SS,2500,SF@TB 05/03/2026 01:40PM ET,TB,5.43
OF,Drew Gilbert (42962336),Drew Gilbert,42962336,OF,2500,SF@TB 05/03/2026 01:40PM ET,SF,5.06
SS,Carson Williams (42962437),Carson Williams,42962437,SS,2500,SF@TB 05/03/2026 01:40PM ET,TB,3.86
OF,Harrison Bader (42962438),Harrison Bader,42962438,OF,2500,SF@TB 05/03/2026 01:40PM ET,SF,3
OF,Justin Crawford (42962333),Justin Crawford,42962333,OF,2500,PHI@MIA 05/03/2026 01:40PM ET,PHI,5.54
1B,Connor Norby (42962338),Connor Norby,42962338,1B,2500,PHI@MIA 05/03/2026 01:40PM ET,MIA,6.17
OF,Billy Cook (42962335),Billy Cook,42962335,OF,2500,CIN@PIT 05/03/2026 01:35PM ET,PIT,1.52
C,Pedro Pages (42962341),Pedro Pages,42962341,C,2500,LAD@STL 05/03/2026 02:15PM ET,STL,6.24
OF,Jorge Barrosa (42962332),Jorge Barrosa,42962332,OF,2500,ARI@CHC 05/03/2026 02:20PM ET,ARI,4.48
OF,Colton Cowser (42962334),Colton Cowser,42962334,OF,2500,BAL@NYY 05/03/2026 01:35PM ET,BAL,2.68
C,Drew Millas (42962345),Drew Millas,42962345,C,2400,MIL@WSH 05/03/2026 01:35PM ET,WSH,2.25
SS,Joey Ortiz (42962348),Joey Ortiz,42962348,SS,2400,MIL@WSH 05/03/2026 01:35PM ET,MIL,4.11
C,Connor Wong (42962343),Connor Wong,42962343,C,2400,HOU@BOS 05/03/2026 01:35PM ET,BOS,5.07
OF,Zach Cole (42962439),Zach Cole,42962439,OF,2400,HOU@BOS 05/03/2026 01:35PM ET,HOU,0
C,Garrett Stubbs (42962342),Garrett Stubbs,42962342,C,2400,PHI@MIA 05/03/2026 01:40PM ET,PHI,3.4
OF,Will Benson (42962347),Will Benson,42962347,OF,2400,CIN@PIT 05/03/2026 01:35PM ET,CIN,3.64
OF/SS,Thomas Saggese (42962349),Thomas Saggese,42962349,SS/OF,2400,LAD@STL 05/03/2026 02:15PM ET,STL,2.94
3B,Ryan McMahon (42962344),Ryan McMahon,42962344,3B,2400,BAL@NYY 05/03/2026 01:35PM ET,NYY,3.32
3B,Coby Mayo (42962346),Coby Mayo,42962346,3B,2400,BAL@NYY 05/03/2026 01:35PM ET,BAL,4.61
3B,Caleb Durbin (42962354),Caleb Durbin,42962354,3B,2300,HOU@BOS 05/03/2026 01:35PM ET,BOS,5.23
OF,Zach Dezenzo (42962440),Zach Dezenzo,42962440,OF,2300,HOU@BOS 05/03/2026 01:35PM ET,HOU,0
OF,Nate Eaton (42962441),Nate Eaton,42962441,OF,2300,HOU@BOS 05/03/2026 01:35PM ET,BOS,0
C,Patrick Bailey (42962352),Patrick Bailey,42962352,C,2300,SF@TB 05/03/2026 01:40PM ET,SF,3.22
SS,Taylor Walls (42962353),Taylor Walls,42962353,SS,2300,SF@TB 05/03/2026 01:40PM ET,TB,5.71
2B/3B,Edmundo Sosa (42962355),Edmundo Sosa,42962355,2B/3B,2300,PHI@MIA 05/03/2026 01:40PM ET,PHI,5.11
OF,Esteury Ruiz (42962362),Esteury Ruiz,42962362,OF,2300,PHI@MIA 05/03/2026 01:40PM ET,MIA,4.83
1B,Deyvison De Los Santos (42962442),Deyvison De Los Santos,42962442,1B,2300,PHI@MIA 05/03/2026 01:40PM ET,MIA,2.67
OF,Johan Rojas (42962443),Johan Rojas,42962443,OF,2300,PHI@MIA 05/03/2026 01:40PM ET,PHI,0
C,Henry Davis (42962351),Henry Davis,42962351,C,2300,CIN@PIT 05/03/2026 01:35PM ET,PIT,4.18
OF,Rece Hinds (42962357),Rece Hinds,42962357,OF,2300,CIN@PIT 05/03/2026 01:35PM ET,CIN,3
2B/3B,Santiago Espinal (42962358),Santiago Espinal,42962358,2B/3B,2300,LAD@STL 05/03/2026 02:15PM ET,LAD,1.93
3B/OF,Weston Wilson (42962360),Weston Wilson,42962360,3B/OF,2300,BAL@NYY 05/03/2026 01:35PM ET,BAL,4.88
C,Harry Ford (42962448),Harry Ford,42962448,C,2200,MIL@WSH 05/03/2026 01:35PM ET,WSH,0
2B/3B,Isiah Kiner-Falefa (42962366),Isiah Kiner-Falefa,42962366,2B/3B,2200,HOU@BOS 05/03/2026 01:35PM ET,BOS,3.6
2B,Braden Shewmake (42962375),Braden Shewmake,42962375,2B,2200,HOU@BOS 05/03/2026 01:35PM ET,HOU,4.75
OF,Taylor Trammell (42962447),Taylor Trammell,42962447,OF,2200,HOU@BOS 05/03/2026 01:35PM ET,HOU,6.6
C,Eric Haase (42962364),Eric Haase,42962364,C,2200,SF@TB 05/03/2026 01:40PM ET,SF,4.67
2B/SS,Christian Koss (42962369),Christian Koss,42962369,2B/SS,2200,SF@TB 05/03/2026 01:40PM ET,SF,0.71
2B/SS,Leo Jimenez (42962376),Leo Jimenez,42962376,2B/SS,2200,PHI@MIA 05/03/2026 01:40PM ET,MIA,2.38
3B,Nick Yorke (42962368),Nick Yorke,42962368,3B,2200,CIN@PIT 05/03/2026 01:35PM ET,PIT,4.35
2B/OF,Jose Fermin (42962371),Jose Fermin,42962371,2B/OF,2200,LAD@STL 05/03/2026 02:15PM ET,STL,4.08
C,James McCann (42962363),James McCann,42962363,C,2200,ARI@CHC 05/03/2026 02:20PM ET,ARI,2.94
OF,Tim Tawa (42962365),Tim Tawa,42962365,OF,2200,ARI@CHC 05/03/2026 02:20PM ET,ARI,3.26
1B,Tyler Locklear (42962449),Tyler Locklear,42962449,1B,2200,ARI@CHC 05/03/2026 02:20PM ET,ARI,0
3B/OF,Blaze Alexander (42962373),Blaze Alexander,42962373,3B/OF,2200,BAL@NYY 05/03/2026 01:35PM ET,BAL,3.15
OF,Randal Grichuk (42962444),Randal Grichuk,42962444,OF,2200,BAL@NYY 05/03/2026 01:35PM ET,NYY,3
1B/3B,Christian Encarnacion-Strand (42962445),Christian Encarnacion-Strand,42962445,1B/3B,2200,BAL@NYY 05/03/2026 01:35PM ET,BAL,0
OF,Greg Jones (42962388),Greg Jones,42962388,OF,2100,MIL@WSH 05/03/2026 01:35PM ET,MIL,1.3
OF,Dustin Harris (42962380),Dustin Harris,42962380,OF,2100,HOU@BOS 05/03/2026 01:35PM ET,HOU,5.81
C,Hunter Feduccia (42962378),Hunter Feduccia,42962378,C,2100,SF@TB 05/03/2026 01:40PM ET,TB,3.41
1B/OF,Jerar Encarnacion (42962381),Jerar Encarnacion,42962381,1B/OF,2100,SF@TB 05/03/2026 01:40PM ET,SF,1.5
OF,Jacob Melton (42962453),Jacob Melton,42962453,OF,2100,SF@TB 05/03/2026 01:40PM ET,TB,0
C,Rafael Marchan (42962379),Rafael Marchan,42962379,C,2100,PHI@MIA 05/03/2026 01:40PM ET,PHI,2.19
3B,Graham Pauley (42962383),Graham Pauley,42962383,3B,2100,PHI@MIA 05/03/2026 01:40PM ET,MIA,4.12
1B/OF,Felix Reyes (42962384),Felix Reyes,42962384,1B/OF,2100,PHI@MIA 05/03/2026 01:40PM ET,PHI,3.14
3B,Ke'Bryan Hayes (42962389),Ke'Bryan Hayes,42962389,3B,2100,CIN@PIT 05/03/2026 01:35PM ET,CIN,2.33
OF,Jhostynxon Garcia (42962450),Jhostynxon Garcia,42962450,OF,2100,CIN@PIT 05/03/2026 01:35PM ET,PIT,0
OF,Victor Scott II (42962387),Victor Scott II,42962387,OF,2100,LAD@STL 05/03/2026 02:15PM ET,STL,3.81
2B/OF,Tyler Fitzgerald (42962451),Tyler Fitzgerald,42962451,2B/OF,2100,LAD@STL 05/03/2026 02:15PM ET,LAD,0
OF,Michael Conforto (42962386),Michael Conforto,42962386,OF,2100,ARI@CHC 05/03/2026 02:20PM ET,CHC,4.06
1B/OF,Abimelec Ortiz (42962469),Abimelec Ortiz,42962469,1B/OF,2000,MIL@WSH 05/03/2026 01:35PM ET,WSH,0
SS,Cooper Pratt (42962476),Cooper Pratt,42962476,SS,2000,MIL@WSH 05/03/2026 01:35PM ET,MIL,0
OF,Christian Franklin (42962479),Christian Franklin,42962479,OF,2000,MIL@WSH 05/03/2026 01:35PM ET,WSH,0
OF,Akil Baddoo (42962487),Akil Baddoo,42962487,OF,2000,MIL@WSH 05/03/2026 01:35PM ET,MIL,0
OF,Robert Hassell III (42962489),Robert Hassell III,42962489,OF,2000,MIL@WSH 05/03/2026 01:35PM ET,WSH,0
1B,Andres Chaparro (42962510),Andres Chaparro,42962510,1B,2000,MIL@WSH 05/03/2026 01:35PM ET,WSH,3
C,Jeferson Quero (42962516),Jeferson Quero,42962516,C,2000,MIL@WSH 05/03/2026 01:35PM ET,MIL,2
C,Carlos Narvaez (42962393),Carlos Narvaez,42962393,C,2000,HOU@BOS 05/03/2026 01:35PM ET,BOS,4.7
OF,Daniel Johnson (42962395),Daniel Johnson,42962395,OF,2000,HOU@BOS 05/03/2026 01:35PM ET,HOU,2
1B,Triston Casas (42962486),Triston Casas,42962486,1B,2000,HOU@BOS 05/03/2026 01:35PM ET,BOS,0
2B,Kristian Campbell (42962488),Kristian Campbell,42962488,2B,2000,HOU@BOS 05/03/2026 01:35PM ET,BOS,0
3B,Anthony Seigler (42962495),Anthony Seigler,42962495,3B,2000,HOU@BOS 05/03/2026 01:35PM ET,BOS,0
2B/OF,Nick Sogard (42962496),Nick Sogard,42962496,2B/OF,2000,HOU@BOS 05/03/2026 01:35PM ET,BOS,0
C,Mickey Gasper (42962498),Mickey Gasper,42962498,C,2000,HOU@BOS 05/03/2026 01:35PM ET,BOS,0
SS,Nick Allen (42962501),Nick Allen,42962501,SS,2000,HOU@BOS 05/03/2026 01:35PM ET,HOU,2.21
2B/SS,Tsung-Che Cheng (42962508),Tsung-Che Cheng,42962508,2B/SS,2000,HOU@BOS 05/03/2026 01:35PM ET,BOS,0
OF,Will Brennan (42962399),Will Brennan,42962399,OF,2000,SF@TB 05/03/2026 01:40PM ET,SF,0
C,Diego Cartaya (42962458),Diego Cartaya,42962458,C,2000,SF@TB 05/03/2026 01:40PM ET,SF,0
2B/SS,Jadher Areinamo (42962465),Jadher Areinamo,42962465,2B/SS,2000,SF@TB 05/03/2026 01:40PM ET,TB,0
C,Dom Keegan (42962474),Dom Keegan,42962474,C,2000,SF@TB 05/03/2026 01:40PM ET,TB,0
C,Jesus Rodriguez (42962477),Jesus Rodriguez,42962477,C,2000,SF@TB 05/03/2026 01:40PM ET,SF,0
1B,Bryce Eldridge (42962491),Bryce Eldridge,42962491,1B,2000,SF@TB 05/03/2026 01:40PM ET,SF,0
OF,Victor Mesa Jr. (42962492),Victor Mesa Jr.,42962492,OF,2000,SF@TB 05/03/2026 01:40PM ET,TB,0
OF,Justyn-Henry Malloy (42962499),Justyn-Henry Malloy,42962499,OF,2000,SF@TB 05/03/2026 01:40PM ET,TB,0
OF,Grant McCray (42962500),Grant McCray,42962500,OF,2000,SF@TB 05/03/2026 01:40PM ET,SF,0
OF,Jared Oliva (42962521),Jared Oliva,42962521,OF,2000,SF@TB 05/03/2026 01:40PM ET,SF,1.43
2B/OF,Dylan Moore (42962396),Dylan Moore,42962396,2B/OF,2000,PHI@MIA 05/03/2026 01:40PM ET,PHI,1.13
OF,Gabriel Rincones Jr. (42962457),Gabriel Rincones Jr.,42962457,OF,2000,PHI@MIA 05/03/2026 01:40PM ET,PHI,0
C,Joe Mack (42962463),Joe Mack,42962463,C,2000,PHI@MIA 05/03/2026 01:40PM ET,MIA,0
SS,Christian Cairo (42962478),Christian Cairo,42962478,SS,2000,PHI@MIA 05/03/2026 01:40PM ET,PHI,0
SS,Jared Serna (42962481),Jared Serna,42962481,SS,2000,PHI@MIA 05/03/2026 01:40PM ET,MIA,0
1B/OF,Otto Kemp (42962505),Otto Kemp,42962505,1B/OF,2000,PHI@MIA 05/03/2026 01:40PM ET,PHI,1
OF,Steward Berroa (42962515),Steward Berroa,42962515,OF,2000,PHI@MIA 05/03/2026 01:40PM ET,PHI,0
C,Jose Trevino (42962390),Jose Trevino,42962390,C,2000,CIN@PIT 05/03/2026 01:35PM ET,CIN,1.14
C,P.J. Higgins (42962454),P.J. Higgins,42962454,C,2000,CIN@PIT 05/03/2026 01:35PM ET,CIN,1.67
SS,Edwin Arroyo (42962459),Edwin Arroyo,42962459,SS,2000,CIN@PIT 05/03/2026 01:35PM ET,CIN,0
SS,Jack Brannigan (42962462),Jack Brannigan,42962462,SS,2000,CIN@PIT 05/03/2026 01:35PM ET,PIT,0
OF,Hector Rodriguez (42962471),Hector Rodriguez,42962471,OF,2000,CIN@PIT 05/03/2026 01:35PM ET,CIN,0
SS,Leo Balcazar (42962472),Leo Balcazar,42962472,SS,2000,CIN@PIT 05/03/2026 01:35PM ET,CIN,0
OF,Esmerlyn Valdez (42962473),Esmerlyn Valdez,42962473,OF,2000,CIN@PIT 05/03/2026 01:35PM ET,PIT,0
1B/C,Endy Rodriguez (42962493),Endy Rodriguez,42962493,C/1B,2000,CIN@PIT 05/03/2026 01:35PM ET,PIT,0
OF,Tyler Callihan (42962503),Tyler Callihan,42962503,OF,2000,CIN@PIT 05/03/2026 01:35PM ET,PIT,0
1B,Rafael Flores (42962504),Rafael Flores,42962504,1B,2000,CIN@PIT 05/03/2026 01:35PM ET,PIT,0
C,Yohel Pozo (42962398),Yohel Pozo,42962398,C,2000,LAD@STL 05/03/2026 02:15PM ET,STL,1.56
C,Leo Bernal (42962455),Leo Bernal,42962455,C,2000,LAD@STL 05/03/2026 02:15PM ET,STL,0
OF,Joshua Baez (42962456),Joshua Baez,42962456,OF,2000,LAD@STL 05/03/2026 02:15PM ET,STL,0
2B/OF,Bryan Torres (42962467),Bryan Torres,42962467,2B/OF,2000,LAD@STL 05/03/2026 02:15PM ET,STL,0
3B/SS,Cesar Prieto (42962512),Cesar Prieto,42962512,3B/SS,2000,LAD@STL 05/03/2026 02:15PM ET,STL,0
OF,Ryan Ward (42962514),Ryan Ward,42962514,OF,2000,LAD@STL 05/03/2026 02:15PM ET,LAD,4
C,Jimmy Crooks (42962517),Jimmy Crooks,42962517,C,2000,LAD@STL 05/03/2026 02:15PM ET,STL,0
OF,Michael Siani (42962519),Michael Siani,42962519,OF,2000,LAD@STL 05/03/2026 02:15PM ET,LAD,0
3B,Nicky Lopez (42962394),Nicky Lopez,42962394,3B,2000,ARI@CHC 05/03/2026 02:20PM ET,CHC,1
1B/3B,Jesus Valdez (42962460),Jesus Valdez,42962460,1B/3B,2000,ARI@CHC 05/03/2026 02:20PM ET,ARI,0
2B,James Triantos (42962480),James Triantos,42962480,2B,2000,ARI@CHC 05/03/2026 02:20PM ET,CHC,0
1B/OF,Tyler Austin (42962482),Tyler Austin,42962482,1B/OF,2000,ARI@CHC 05/03/2026 02:20PM ET,CHC,0
2B/3B,Pedro Ramirez (42962484),Pedro Ramirez,42962484,2B/3B,2000,ARI@CHC 05/03/2026 02:20PM ET,CHC,0
OF,Kevin Alcantara (42962511),Kevin Alcantara,42962511,OF,2000,ARI@CHC 05/03/2026 02:20PM ET,CHC,0
OF,Justin Dean (42962520),Justin Dean,42962520,OF,2000,ARI@CHC 05/03/2026 02:20PM ET,CHC,0
2B/OF,Max Schuemann (42962391),Max Schuemann,42962391,2B/OF,2000,BAL@NYY 05/03/2026 01:35PM ET,NYY,2
OF,Spencer Jones (42962464),Spencer Jones,42962464,OF,2000,BAL@NYY 05/03/2026 01:35PM ET,NYY,0
OF,Reed Trimble (42962475),Reed Trimble,42962475,OF,2000,BAL@NYY 05/03/2026 01:35PM ET,BAL,0
OF,Heston Kjerstad (42962490),Heston Kjerstad,42962490,OF,2000,BAL@NYY 05/03/2026 01:35PM ET,BAL,0
OF,Johnathan Rodriguez (42962502),Johnathan Rodriguez,42962502,OF,2000,BAL@NYY 05/03/2026 01:35PM ET,BAL,1.6
1B,Ryan Mountcastle (42962507),Ryan Mountcastle,42962507,1B,2000,BAL@NYY 05/03/2026 01:35PM ET,BAL,2.25
C,Maverick Handley (42962518),Maverick Handley,42962518,C,2000,BAL@NYY 05/03/2026 01:35PM ET,BAL,0
